DATE,1956,1957,1958,1959,1960,1961,1962,1963,1964,1965,1966,1967,1968,1969,1970,1971,1972,1973,1974,1975,1976,1977,1978,1979,1980,1981,1982,1983,1984,1985,1986,1987,1988,1989,1990,1991,1992,1993,1994,1995,1996,1997,1998,1999,2000,2001,2002,2003,2004,2005,2006,2007,2008,2009,2010,2011,2012,2013,2014,2015,2016,2017,2018,2019,2020
10-Jun,0,0,,,,,,,,0,,,,,,,,,,,,,,,,,,,,,0,0,0,0,0,0,0,0,,,,0,0,0,0,0,0,0,0,0,0,,0,0,0,0,0,0,0,0,0,0,0,0,0
11-Jun,0,0,,,,0,0,,,0,,,,,,,,,,,,,,0,,,0,,0,0,0,0,0,0,0,0,0,0,,,,0,0,0,0,0,0,0,0,0,0,,0,0,0,0,0,0,0,0,0,0,0,0,0
12-Jun,0,0,,,0,0,0,,,0,,,,,,,,,,,,,0,0,0,0,0,0,0,0,0,0,0,0,0,0,0,0,0,0,0,0,0,0,0,0,0,0,0,0,0,,0,0,0,0,0,0,0,0,0,0,0,0,0
13-Jun,0,0,,,0,0,0,,,0,,0,,0,0,0,,0,,,0,0,0,0,0,0,0,0,0,0,0,0,0,0,0,0,0,0,0,0,0,0,0,0,0,0,0,0,0,0,0,,0,0,0,0,0,0,0,0,0,0,0,0,0
14-Jun,0,0,,,0,0,0,,0,0,0,0,,0,0,0,,0,,,0,0,0,0,0,0,0,0,0,0,0,0,0,0,0,0,0,0,0,0,0,0,0,0,0,0,0,0,0,0,0,,0,0,0,0,0,0,0,0,0,0,0,0,0
15-Jun,0,0,,0,0,0,0,,0,0,0,0,0,0,0,0,0,0,,,0,0,0,0,0,0,0,0,0,0,0,0,0,0,0,0,0,0,0,0,0,0,0,0,0,0,0,0,0,0,0,0,0,0,0,0,0,0,0,0,0,0,0,0,0
16-Jun,0,0,0,0,0,0,0,,0,0,0,0,0,0,0,0,0,0,,0,0,0,0,0,0,0,0,0,0,0,0,0,0,0,0,0,0,0,0,0,0,0,0,0,0,0,0,0,0,0,0,0,0,0,0,0,0,0,0,0,0,0,0,0,0
17-Jun,0,0,0,0,0,0,0,0,0,0,0,0,0,0,0,0,0,0,0,0,0,0,0,0,0,0,0,0,0,0,0,0,0,0,0,0,0,0,0,0,0,0,0,0,0,0,0,0,0,0,0,0,0,0,0,0,0,0,0,0,0,0,0,0,0
18-Jun,0,0,0,0,0,0,0,0,0,0,0,0,0,0,0,0,0,0,0,0,0,0,0,0,0,0,0,0,0,0,0,0,0,0,0,0,0,0,0,0,0,0,0,0,0,0,0,0,0,0,0,0,0,0,0,0,0,0,0,0,0,0,0,0,0
19-Jun,0,0,0,0,0,0,0,0,0,0,0,0,0,0,0,0,0,0,0,0,0,0,0,0,0,0,0,0,0,0,0,0,0,0,0,0,0,0,0,0,0,0,0,0,0,0,0,0,0,0,0,0,0,0,0,0,0,0,0,0,0,0,0,0,0
20-Jun,0,0,0,0,0,0,0,0,0,0,0,0,0,0,0,0,0,0,0,0,0,0,0,0,0,0,0,0,0,0,0,0,0,0,0,0,0,0,0,0,0,0,0,0,0,0,0,0,0,0,0,0,0,0,0,0,0,0,0,0,0,0,0,0,0
21-Jun,0,0,0,0,0,0,0,0,0,0,0,0,0,0,0,0,0,0,0,0,0,0,0,0,0,0,0,0,0,0,0,0,0,0,0,0,0,0,0,0,0,0,0,0,0,0,0,0,0,0,0,0,0,0,0,0,0,0,0,0,0,0,0,0,0
22-Jun,0,0,0,0,0,0,0,0,0,,0,0,0,0,0,0,0,0,0,0,0,0,0,0,0,0,0,0,0,0,0,0,0,0,0,0,0,0,0,0,0,0,0,0,0,0,0,0,0,0,0,0,0,0,0,0,0,0,0,0,0,0,0,0,0
23-Jun,0,0,0,0,0,0,0,0,0,0,0,0,0,0,0,0,0,0,0,0,0,0,0,0,0,0,0,0,0,0,0,0,0,0,0,0,0,0,0,0,0,0,0,0,0,0,0,0,0,0,0,0,0,0,0,0,0,0,0,0,0,0,0,0,0
24-Jun,0,0,0,0,0,0,0,0,0,0,0,0,0,0,0,0,0,0,0,0,0,0,0,0,0,0,0,0,0,0,0,0,0,0,0,0,0,0,0,0,0,0,0,0,0,0,0,0,0,0,0,0,0,0,0,0,0,0,0,0,0,0,0,0,0
25-Jun,0,0,0,0,0,0,0,0,0,0,0,0,0,0,0,0,0,0,0,0,0,0,0,0,0,0,0,0,0,0,0,0,0,0,0,0,0,0,0,0,0,0,0,0,0,0,0,0,0,0,0,0,0,0,0,0,0,0,0,0,0,0,0,0,0
26-Jun,0,0,0,0,0,0,0,0,0,0,0,0,0,0,0,0,0,0,0,0,0,0,0,0,0,0,0,0,0,0,0,0,0,0,0,0,0,0,0,0,0,0,0,0,0,0,0,0,0,0,0,0,0,0,0,0,0,0,0,0,0,0,0,0,0
27-Jun,0,0,0,0,0,0,0,0,0,0,0,0,0,0,0,0,0,0,0,0,0,0,0,0,0,0,0,0,0,0,0,0,0,0,0,0,0,0,0,0,0,0,0,0,0,0,0,0,0,0,0,0,0,0,0,0,0,0,0,0,0,0,0,0,0
28-Jun,0,0,0,0,0,0,0,0,0,0,0,0,0,0,0,0,0,0,0,0,0,0,0,0,0,0,0,0,0,0,0,0,0,0,0,0,0,0,0,0,0,0,0,0,0,0,0,0,0,0,0,0,0,0,0,0,0,0,0,0,0,0,0,0,0
29-Jun,0,0,0,0,0,0,0,0,0,0,0,0,0,0,0,0,0,0,0,0,0,0,0,0,0,0,0,0,0,0,0,0,0,0,0,0,0,0,0,0,0,0,0,0,0,0,0,0,0,0,0,0,0,0,0,0,0,0,0,0,0,0,0,0,0
30-Jun,0,0,0,0,0,0,0,0,0,0,0,0,0,0,0,0,0,0,0,0,0,0,0,0,0,0,0,0,0,0,0,0,0,0,0,0,0,0,0,0,0,0,0,0,0,0,0,0,0,0,0,0,0.12,0,0,0,0,0,0,0,0,0,0,0,0
1-Jul,0,0,0,0,0,0,0,0,0,0,0,0,0,0,0,0,0,0,0,0,0,0,0,0,0,0,0,0,0,0,0,0,0,0,0,0,0,0,0,0,0,0,0,0,0,0,0,0,0,0,0,0,0,0,0,0,0,0,0,0,0,0,0,0,0
2-Jul,0,0,0,0,0,0,0,0,0,0,0,0,0,0,0,0,0,0,0,0,0,0,0,0,0,0,0,0,0,0,0,0,0,0,0,0,0,0,0,0,0,0,0,0,0,0,0,0,0.18,0,0,0,0,0,0,0,0,0,0,0,0,0,0,0,0
3-Jul,0,0,0,0,0,0,0,0,0,0,0,0,0,0,0,0,0,0,0,0,0,0,0,0,0,0,0,0,0,0,0,0,0,0,0,0,0,0,0,0,0,0,0,0,0,0,0,0,0,0,0.11,0,0,0,0,0,0,0,0,0,0,0,0,0,0
4-Jul,0,0,0,0,0,0,0,0,0,0,0,0,0,0,0,0,0,0,0,0,0,0,0,0,0,0,0,0,0,0,0,0,0,0,0,0,0,0,0,0,0,0,0,0,0,0,0,0,0,0,0,0,0,0,0,0,0,0,0,0,0,0,0,0,0
5-Jul,0,0,0,0,0,0,0,0,0,0,0,0,0,0,0,0,0,0,0,0,0,0,0,0,0,0,0,0,0,0,0.46,0,0,0,0,0,0,0,0,0,0,0,0.29,0,0,0,0,0,0,0,0,0,0,0,0,0,0,0,0,0,0,0,0,0,0
6-Jul,0,0,0,0,0,0,0,0,0,0,0.29,0,0,0,0,0,0,0,0,0,0,0,0,0,0,0,0,0,0,0,0,0,0,0,0,0,0,0,0,0,0,0,0,0,0,0,0,0,0,0,0,0,0,0,0.08,0,0,0,0,0,0,0,0,0,0
7-Jul,0,0.27,0,0,0,0,0,0,0,0,0,0,0,0,0,0,0,0,0,0,0,0,0,0,0,0,0,0.3,0,0,0,0,0,0,0,0,0,0,0,0,0,0,0,0,0,0,0,0,0,0.17,0,0,0,0,0,0,0,0,0,0,0,0,0,0,
8-Jul,0,0,0,0,0,0,0,0,0,0,0,0,0,0,0,0,0,0,0,0,0,0,0,0,0,0,0,0,0,0,0.44,0,0,0,0,0,0,0,0,0,0,0,0,0,0,0,0,0,0,0,0,0,0,0,0,0.12,0,0.19,0.1,0,0,0,0,0.13,
9-Jul,0,0,0,0,0,0,0,0,0,0,0,0,0,0,0,0,0,0,0,0,0,0,0,0,0,0,0,0,0,0,0,0,0,0,0,0,0,0,0,0.28,0,0,0,0,0,0,0,0.1,0,0,0,0.09,0,0,0,0.09,0,0,0,0,0,0.19,0,0.13,
10-Jul,0,0,0,0,0,0,0,0,0,0,0,0.31,0,0,0,0,0,0,0,0,0,0,0,0,0,0,0,0,0,0,0,0,0,0,0,0,0,0,0,0,0,0,0,0,0,0,0,0,0.11,0,0,0.2,0,0,0,0,0.08,0,0.11,0.37,0,0,0,0,
11-Jul,0,0,0,0,0,0.49,0,0,0,0.31,0,0,0,0,0,0,0,0,0,0,0,0,0,0,0,0,0,0,0,0,0,0,0,0,0.96,0,0.29,0,0,0,0.3,0,0,0,0,0,0,0.2,0.11,0,0,0,0,0,0,0,0.08,0,0,0.25,0,0,0,0,
12-Jul,0,0,0,0,0,0,0,0,0,0,0,0,0,0,0,0,0,0,0,0,0,0,0.33,0,0,0,0,0.44,0,0,0,0,0,0.23,0,0,0,0,0,0,0,0,0,0,0,0,0,0.12,0,0.34,0,0,0.11,0,0,0,0,0,0,0,0,0,0,0,
13-Jul,0,0,0,0.31,0,0,0,0,0,0,0,0,0,0,0,0,0,0,0,0,0,0,0,0,0,0.28,0,0,0,0,0,0,0,0.57,0,0,0,0.31,0,0,0,0,0,0,0,0,0.17,0.15,0,0,0,0,0.1,0,0,0,0,0,0,0,0,0,0,0,
14-Jul,0,0,0.43,0,0,0,0,0,0,0,0.3,0.77,0,0,0,0.3,0,0,0,0,0,0,0.29,0,0,0,0,0,0,0,0,0,0,0.28,0,0,0,0,0,0,0,0,0,0,0,0,0,0,0.23,0,0.18,0,0.5,0,0,0,0.12,0,0,0.25,0,0,0,0,
15-Jul,0,0.44,0,0,0,0.52,0,0.62,0.3,0,0,0.5,0,0,0,0,0,0,0.3,0,0,0,0,0.3,0,0,0,0.58,0,0,0,0.26,0,0,0,0,0,0.59,0,0.86,0,0,0.29,0,0.25,0,0,0,0.22,0,0,0,0.23,0.11,0.12,0,0,0.12,0,0.19,0.22,0,0.17,0,
16-Jul,0,0.32,0.28,0.92,0,0.26,0,0.63,0,0,0,1.39,0,0,0,0,0,0,0,0,0,0,0,0,0,0,0.25,0.29,0,0,0.25,0.64,0,0.27,0.3,0,0.41,0.27,0,0,0,0,0.55,0,0,0,0.11,0.17,0,0.09,0.24,0,0.23,0,0.23,0.18,0.12,0.12,0,0.72,0.13,0.25,0.19,0.37,
17-Jul,0,0,0.58,0.26,0.32,0,0,0.61,0.3,0.64,0,0.28,0,0,0,0,0,0,0,0,0,0.47,0,0,0.67,0,0,0,0,0.52,0,0.5,0,0.29,0.71,0,0,0,0,0.3,0,0,0,0,0,0.28,0.12,0,0,0.45,0.36,0,0.16,0.43,0.46,0.18,0.36,0.09,0.23,0,0,0.35,0,0.19,
18-Jul,0.3,0,0,0.58,0.32,0,0,0.31,0,0.61,0,0,0,0,0.29,0.28,0.31,0,0,0,0,0.44,0,0,0,1.31,0,0.28,0,0,1.5,0.81,0,0,0.52,0.28,0,0,0.26,0,0,0,0.87,0,0,0.25,0,0.42,0.16,0.46,0,0.52,0,0,0.11,0.17,0,0.23,0.22,0.39,0.38,0.32,0,0,
19-Jul,0.26,0.27,0,0,0,0.32,1.38,0.58,0,0.58,0.89,0.6,0,0,0,0,0.38,0.44,0,0,0,0,0,0,0,0.45,0,0.86,0,0.83,1.09,0,0.31,0,0.56,0,0,0,0,0,0,0,0,0,0.81,0.44,0.34,0.12,0.31,0.43,0,0.22,0,0.84,0,0.18,0.19,0.8,0.11,0.72,0.91,0.13,0.23,0.18,
20-Jul,1.13,0.55,0,0,0.29,0.56,0.54,0.92,0.77,0.59,0.44,0.62,0,0,0,0.31,0.68,0,0.48,0,0,0.92,0,0,0,0.43,0,0,0.49,0,0.74,0,0,0,0.85,0.4,0.29,0,0,0,0,0,0.29,0,0.42,0.32,0.2,0.12,0.36,0.34,0.12,0,0.16,0.67,0,0.11,0,0.84,0.09,0.24,0.92,0.12,0,0.91,
21-Jul,2.59,0.79,0,0.91,1.8,0.99,2.04,2.63,0.31,1.11,2.42,0.94,0.9,0,0.45,0,0.56,0,0,0,0,0.28,0,0,0,0.31,0,0,0.26,0,0,0.82,0,0,0.76,0.3,0.9,0,0,0.28,0,0,0.27,0,0.86,0,0.11,0.41,0.17,0.45,0.35,0.11,0.36,0.47,0.23,0.74,0,0.12,0.43,0.99,1.45,0.49,0.12,0.18,
22-Jul,0.87,2.25,0,0.27,0.9,3.15,1.2,2.69,0.59,1.38,7.38,1.29,0.31,0.29,0.6,0.59,0,0.25,0,0,0,0,0.42,0.28,0.58,0,0,0.58,0,0,0.93,0.28,0,0.55,0,0,0,0,0,0,0.85,0,1.16,0.29,0,0.3,0.11,0.22,0.24,0,0,0.45,0.24,0.68,0.57,0.5,0.3,0.18,0.59,0.24,1.42,0.18,0.11,0.5,
23-Jul,1.99,1.42,1.53,1.17,1.44,1.36,1.5,2.66,0,1.36,3.45,3.24,0.63,0,1.19,0,0,0.54,0.29,0,0.29,0,1.7,0,0.9,0.52,0.44,0.75,0,0.53,0.46,0.27,0.19,0.82,0,0.87,0,0.41,0.46,0,0,0,0.44,0.59,0,0,0,0.72,0.55,0.94,0.68,0.44,0.57,0.98,0.36,0.79,0.33,0.18,0.76,0.12,0.56,0.54,0.35,0.46,
24-Jul,3.1,0.31,0.56,0.96,3.69,0.52,0.58,2.27,0.3,1.72,3.12,2.01,0.88,0,0.86,0.42,0.75,0.35,0.29,0.45,0.7,0.25,0.62,0,1.12,1.91,0,2.69,0.29,1.14,0.89,0.53,0.59,0.26,0,0.28,0.2,0,0.44,0.25,1.33,0.31,0.9,0.56,0.5,0,0.18,0.79,0.89,0.11,0.36,0.7,0.44,0.53,0.47,0.38,0.22,0.92,0.84,0.12,0.74,0.33,0.23,0,
25-Jul,2.59,2.16,2.03,0.26,0.48,0.29,0.54,1.83,2.13,2.32,1.41,0.87,0.8,0.31,0.9,0.26,0.31,1.14,0,0.86,0.3,0.81,0.29,0.44,0.72,1.35,0.28,0.38,0.53,0,1.35,0,0.31,1.01,0.43,1.14,0,0.52,0,0,0.27,0.53,0.44,1.13,0,0.72,0.18,0,0.32,0.56,0.18,0.66,0,1.05,1.07,0.77,0.52,1.96,0.24,1.46,2.12,0.91,0,0.38,
26-Jul,1.87,4.1,2.66,1.98,0.89,0.32,1.57,1.5,3.65,1.92,2.56,0.6,1.23,0.53,0.86,1.06,0,0.56,0.62,0,0,1.02,0.89,0,0.3,0.56,0,0.85,0,0.27,0.3,2.07,0,0.25,1.96,0,1.07,0,0,0,1.46,0,0.45,1.79,0.23,0,0.33,0.1,0.86,0.56,0,0.32,0.22,1.3,0.34,0.94,0.22,1.88,0.34,1.14,1.88,0.9,0.18,1.03,
27-Jul,2.58,2.12,2.29,1.81,0.6,0.32,2.23,2.15,2.33,2.47,3.47,1.5,1.28,0.29,2.56,0,0,0.31,0.29,0,0.62,0.58,0,0,3.41,1.74,0.3,0.44,0.61,0.45,0.24,0.78,0.57,0.23,2.82,0.79,0.59,0,0.29,0,0.28,0.31,0.4,1.77,1.6,1.87,0.67,0,1.48,0.76,1.31,0.84,0.27,1.03,0.53,1.67,0.35,1.15,0.65,0.6,3.09,0.77,0.16,0.36,
28-Jul,0.92,5.35,2.42,4.15,1.7,0.92,4.35,2.87,0.5,5.5,3.95,0.39,0.9,1.44,2.69,0.59,1.31,1.66,0.75,2.05,0,0,0.31,0.29,2.64,0.92,0.62,1.13,2.61,0.94,0.59,0.88,0.78,0.55,3.29,0.83,0,0,0.78,0.41,0.79,0.22,0,0.43,1.16,0.48,0.17,0,0.98,0.67,1.88,1.13,1.92,1,0.81,1.17,0.12,0.78,0.68,1.42,1.2,1.57,0.46,0.84,
29-Jul,0.8,4.41,0.97,0.72,5.02,0.9,1.93,1.65,2.75,6.44,5.82,2,0.62,2.38,2.78,0.31,0.85,1.98,0.96,2.73,0,0.28,0.29,0.92,3.58,2.21,1.94,1.16,1.35,1.27,0.9,0.8,1.22,1.88,1.16,0.45,0,0.8,0.55,0,0.73,0,0.53,0.45,0.19,0.71,0.68,0.73,0.45,0.98,1.51,1.12,1.3,0.41,1.44,0.95,0.31,0.86,0.33,0.58,2.03,0.86,0.64,1.53,
30-Jul,0.9,0.89,2.3,0.46,2.59,1.67,2.48,5.26,3.24,8.78,8.87,1.97,3.08,2.28,3.2,1.67,1.77,0.41,0.29,1.93,0,0.9,0.88,0.26,3.8,1.8,2.37,0.85,0.47,0.26,0.25,2,0,1.41,0.58,0,0,0.55,0.29,0,0.4,0,0.77,3.98,2.03,0.48,0.88,0.45,0.69,1.57,1.81,0.34,2.67,0.57,0.16,0.55,1.04,0.77,1.14,0.88,2.62,0.59,0.46,1.24,
31-Jul,0,0,2.41,2.96,1.83,0.53,0.31,3.2,2.14,10.16,11.92,3.86,0.3,1.34,5.28,0.31,2.22,0.44,1.71,1.77,1.65,1.98,2.13,0.28,2.18,2.35,0,2.84,0.92,0.42,0.73,1.45,3.1,1.33,3.58,0.58,1.79,0,0.31,0,0,0.26,0.28,4.3,0.99,1.16,1.16,0.43,0.77,1.97,0.45,1.31,1.99,1.23,0.69,1.03,0.34,0.16,0.86,0.36,1.61,1.57,0.16,2.24,
1-Aug,0.32,1.8,2.57,4.49,0.63,1.96,0.94,2.4,4.59,7.15,10.58,11.42,1.35,1.8,3.65,2.83,2.31,2.58,0,0.95,0.6,2.05,1.43,0,0.89,2.79,3.44,2.7,1.94,0.83,1.08,1.4,1.28,1.53,1.64,0,0.84,0.27,0,0.26,0,0.29,0.45,1.47,0.34,0.5,0.44,0.92,0.94,1.51,0.76,0.78,1.62,1.55,0.8,1.2,0.67,1.17,0.54,1.91,2.4,2.25,1.23,1.7,
2-Aug,1.57,3.21,3.48,2.89,0.63,0.85,2.17,2.35,4.7,10.61,10.76,3.71,1.12,1.77,3.97,2.83,0.7,2.98,0,1.6,0.59,1.24,1.6,0.77,3.1,4.78,2.22,1.52,0.79,1.31,1.16,1.46,0,1.54,1.09,0.59,0,0,0.57,0.31,1.59,0,0.83,3.78,1.36,0,0.81,0.54,2.4,1.82,0.33,1.48,0.7,0.96,2.29,1.24,0.84,1.57,0.23,1.98,2.82,1.24,0.54,1.06,
3-Aug,1.56,0.68,11.27,4.99,0.31,0.81,7.49,5.64,4.72,8.61,14.45,3.38,1.74,3.55,4.88,5.09,3.39,3.99,0.38,2.11,0.93,0.3,0.84,1.56,3.57,0.82,0.85,1.21,0.78,2.8,3.11,0,0.57,3.49,1.94,0,0,0.73,0.87,0.29,0.81,0,0.84,0.81,1.3,2.44,1.4,0.79,0.34,1.95,0.73,0.43,0.86,2.08,0.78,1.53,1.03,0.82,0.51,2.59,4.07,1.75,0.12,1.24,
4-Aug,2.48,0.25,5.13,5.04,2.17,2.18,1.34,7.2,1.54,5.37,12.34,5.59,3.55,0.94,5.9,11.02,3.92,1.47,1.46,1.11,0.55,1.67,4.52,2.31,3.74,1.18,0,3.41,11,0.77,0.4,0,1.1,1.82,3.33,0.41,0,0,0.92,0.61,0.84,0,1.97,0.79,1.78,0.85,1.43,1.44,2.59,1.55,4.03,2.05,1.28,2.02,0.98,0.71,2.2,1.25,0.75,1.76,1,1.26,0.36,1.44,
5-Aug,8.47,2.1,6.58,3.32,5.59,2.71,5.23,2.57,2.46,5.76,5.59,5.39,4.42,1.65,1.22,11.64,2.36,1.54,0.38,1.44,1.75,0.77,3.9,1.51,2.54,2.67,3.98,4.4,0.81,0,1.7,0.58,0,2.85,2.38,1.71,0,0.46,0.31,0.98,0.55,0.42,1.16,0.54,0.78,2.74,1.86,1.32,1.73,2.43,1.07,2.07,0.68,1.76,0.98,0.74,1.86,2.11,0.16,1.56,3.39,1.08,0,1.13,
6-Aug,3.06,2.29,1.2,2.88,5.11,2.43,3.69,4.08,2.85,12.14,7.73,6.89,2.75,1.19,1.51,8.36,5.02,2.61,2.3,1.99,1.57,2.3,1.4,1.6,1.64,2.6,3.4,3.24,2.7,0.52,1.6,0.79,0,1.14,0.46,1.24,0,0.37,1.34,1.34,0.75,0,1.13,1.71,1.62,2.49,1.56,0.45,1.76,6.65,2.21,1.4,2.14,1.94,2.03,0.8,1.06,2.21,1.08,1,3.7,2,0.17,1.06,
7-Aug,0.7,3.33,8.25,2.5,5.2,3.45,3.42,3.38,2.24,10.13,8.46,10.04,1.53,2.01,4.47,6.56,3.82,1.11,1.26,1.92,1.5,1.81,9.24,0.82,3.48,3.66,4.75,2.63,2.77,1.85,3.25,1.26,0.5,2.61,1.79,2.04,0.3,0.65,5.46,2.18,0.39,0,0.46,1.56,0.52,5.08,1.46,0.74,1.63,4.34,3.12,1.41,1.41,2.27,1.18,0.58,0.91,0.71,0,1.3,1.82,0.71,0.39,0.75,
8-Aug,3.1,1.28,11.66,7.24,0.47,2.42,1.51,2.8,7.16,8.49,4.86,6.08,5.11,2.56,4.5,14.13,1.44,2.66,2.56,7.15,2.31,2.87,3.86,0.45,1.11,1.91,5.05,0.83,6.36,1.6,1.66,0.41,1.47,4.24,1.33,1.46,0.59,0.25,1.68,0.81,0.27,0,0.4,1.57,1.09,1.17,0.66,0.63,0.23,5.2,1.91,2.32,0.92,2.84,0.83,1.28,0.38,1.11,0.36,0.7,1.64,0.73,0.8,1.5,
9-Aug,4.45,3.98,11.12,3.51,2.76,2.53,2.25,1.23,5.94,4.27,2.75,4.6,2.59,6.12,4.06,6.7,1.33,5.6,0.8,7.05,0.88,2.63,4.13,0.91,2.21,0.8,1.96,0.92,1.18,1.99,1.13,0,1.37,1.93,3.27,3.4,0.28,0,0.43,1.38,0.29,0.28,0.9,3.36,1.61,1.35,0.36,0.73,1.86,2.62,0.36,1.79,0.8,3.34,0.69,0.47,0.38,3.35,0.77,1.54,2.12,3.96,0.5,1.7,
10-Aug,3.15,5.14,9.68,0.89,0,2.31,6.09,3.63,4.62,5.04,4.56,3.17,4.63,11.02,4.15,3.94,2.72,5.5,3.89,2.4,0,1.14,5.23,0.47,1.38,2.85,4.95,0.88,7.7,2.05,1.62,0.91,0.82,0.28,3.91,2.26,1.13,0,0,1.23,0.29,0,0.89,0,0.27,0,2.71,2.41,0.77,1.96,3.96,2.71,1.14,4.33,1.25,0.42,0,1.97,1.24,0.47,1.27,2.76,0.18,2.34,
11-Aug,3.6,2.25,6.5,1.79,1.27,1.77,6.11,0.89,4.59,4.86,5.7,9.45,2.79,8.1,2.91,5.21,3.27,4.19,1.6,3.81,8.51,5.72,9.02,0.87,0.88,1.42,2.56,0.92,4.09,3.37,1.43,0,1.55,1.59,0.53,2.29,0.29,0.28,2.45,0,0.41,0,0.91,0.43,1.21,0,3.25,1.06,1.02,2.32,5.25,1.87,2.71,2.68,2.13,0.32,0.19,0.56,1.07,0.72,0.54,2.24,0.57,1.09,
12-Aug,3.88,4.11,2.4,0.31,3.43,1.82,5,1.47,6.91,3.94,9.61,7.02,1.55,13.62,3.08,3.84,3.97,6.75,0,1.92,1.92,4.62,4.12,1.1,4.15,1.77,0.9,0.88,5.76,1.76,0,0.59,4.03,1.07,1.1,2.56,0.47,0,0.53,2.22,0.87,0,2.77,2.5,2.31,0.26,4.67,0.78,2.03,2.39,3.98,2.03,3.26,1.99,1.58,0.34,0.55,2.56,1.91,1.67,2.8,0.56,1.3,1.36,
13-Aug,0,1.85,2.7,2,2.72,0.92,5.86,2.14,0.87,7.14,10.14,4.82,3.67,10.93,4.2,2.31,4.05,4.28,1.97,0.86,3.06,2.27,4.02,0.29,3.02,3.94,1.68,0.28,4.09,0.82,0.58,0.59,1.63,2.99,1.65,4.84,0,0.87,0.6,1.56,1.76,0.28,3.27,4.06,0,0.3,2.53,0.8,1.32,1.65,4.25,3.35,1.6,2.74,1.27,1.06,0.64,0.61,1.59,1.41,1.55,0.13,0.37,1.28,
14-Aug,1.54,4.38,4.46,0.93,4.23,0.45,2.19,3.69,7.27,7.44,6.07,4.41,5.42,5.84,11.79,2.53,0.98,2.94,1.36,0.87,3.54,9.52,6.08,0.57,1.44,0.35,2.58,0.6,3.22,2.7,3.38,0.53,1.22,3.19,2.85,1.27,0,0.28,1.52,0.81,0.45,0.27,1.93,2.41,2.92,1.59,2.3,2.5,0.67,2.68,3.02,2.77,2.58,1.01,1.52,0.97,0.24,0.13,1.77,0.92,0.37,0.13,0,0.55,
15-Aug,3.59,4.81,4.02,1.33,3.99,2.17,0.64,2.9,9.88,5.85,2.55,8.32,2.41,4.13,9.49,4.82,1.1,4.51,4.9,0,4,14.12,9.51,1.2,2.5,0.91,1.19,2.02,3.41,0.75,3.95,1.63,0,5.45,3.95,1.57,0,0,0.61,1.69,0.88,0.3,1.82,2.24,0.42,0.53,1.79,3.52,0.49,3.36,2.82,2.13,1.31,1.37,0.94,1.04,1.07,1.16,1.65,0.88,3.07,0.5,0,0.19,
16-Aug,1.95,4.9,9.16,2.77,0.97,0.59,5.57,0.92,2.04,5,8.96,7.35,0.31,8.94,14.44,10.1,2.1,7.34,4.74,1.97,2.62,3.64,4.52,0,2.83,2.8,1.4,0.96,0.86,2.45,3.59,0.81,0,1.76,2.39,0.94,0.43,0.61,1.52,1.75,1.3,0,3.26,1.38,0.86,0.85,3.15,2.6,1.31,2.93,2.89,0.92,2.75,2.28,0.72,1.06,0.95,1.5,0.65,0,2.73,0.77,0,0.37,
17-Aug,3.44,5.29,10.38,2.75,0.32,2.25,3.04,1.38,8.49,1.59,6.41,6.14,0.31,6.11,12.92,2.67,0.28,6.25,4.34,0.89,3.73,4.63,2.78,1.21,0.62,1.83,2.08,3.01,0.28,2.55,2.02,0.92,0,2.87,2.29,0.73,0,0,1.25,1.05,0.81,0,3.5,1.67,2.27,2.74,1.67,1.74,1.59,6.9,2.04,1.91,0.39,1.61,0.91,1.33,0.38,0.13,1.12,0.88,2.37,0.98,0.13,0.74,
18-Aug,3.18,2.39,3.47,2.71,1.59,0.57,10.59,0.92,2.5,0.3,12.93,3.23,3.61,3.16,4.01,7.79,0,4.83,0.9,2.22,3.54,2.81,2.64,0.32,3.47,0.48,3.6,1.94,1.43,2.04,0.42,1.48,0.25,3.36,3.35,1.6,0.3,0.46,2.38,0,0.42,0.41,1.2,0.53,0.86,1.79,2.48,1.08,4.63,4.59,0.17,1.24,2.15,2.12,1.16,1.82,0,2.73,0.78,1.26,0.88,0.89,0,0,
19-Aug,2.32,2.68,3.88,2.35,3.15,0.31,9.44,2.26,3.68,1.57,21.76,4.42,3.31,8.36,3.53,2.88,3.37,3.71,3.56,1.47,2.66,8.26,5.7,0.93,1.67,1.38,3.13,2.97,1.68,1.77,1.19,0.91,0.56,9.69,1.62,3.78,0,1.31,2.41,0.44,1.67,0,3.66,0,0,1.29,2.68,2.43,1.86,1.08,2.22,1.89,4.08,3.48,3.63,0.17,0.36,0.39,2.14,1.49,5.66,2.96,0.26,1.44,
20-Aug,3.47,1.3,2.61,0.46,1.55,0,2.29,3.65,4.3,0.65,3.2,5.03,1.39,5.62,3.54,9,0.36,0,2.31,0.61,5.41,5.04,4.05,0.9,0.93,0.6,0.91,2.43,1.18,2.38,0.38,0.3,0.29,3.5,1.82,0.56,0.31,0,0,0,0.27,0.44,0.89,0.47,1.38,3.46,0.82,2.31,2.04,3.19,2.59,1.54,0.91,3.79,1.29,0.13,0.94,0,2.54,2.17,2.06,1.32,0,0.38,
21-Aug,0.96,6.11,4.34,0.96,0,2.56,2.88,1.89,1.87,0.48,3.07,3.94,3.32,11.82,0.46,5.25,2.95,0,2.31,2.24,4.35,0,4.06,1.85,4.06,0.63,1.43,3.38,3.43,0.59,2.65,0.89,0,3.15,1.7,4.75,0,0.9,2.36,0.44,1.2,0,2.3,2,0.3,3.74,0.79,0.65,1.02,3.84,1.92,0.46,2.21,7.01,3.53,0,0,2.5,1.89,0.12,1.45,2.43,0.73,0,
22-Aug,1.83,2.77,4.7,0,0.91,0.97,1.24,0.92,5.75,5.98,0.94,3.69,0.95,7.25,3.17,6.5,1.93,2.31,0.43,0.91,4.08,5,3.24,1.8,1.23,0.62,2.28,3.43,0.3,1.71,0.44,0,1.15,2.61,5.56,3.2,0.47,0.31,0.48,0.9,0.41,0,3.57,1.16,1.17,7.13,0.99,3.97,0.12,5.31,2.15,1.08,0,3.06,2.21,0,0,0,2.43,0,1.07,1.1,1.23,0.87,
23-Aug,7.09,5.8,1.86,0.33,0.95,2.68,0.63,1.81,5.25,1.85,0.63,0.47,0.92,6.16,1.73,16.6,2.22,0.47,,1.37,2.05,2.37,3.32,0.94,3.54,0.32,0,1.8,1.49,0,2.3,0.44,0,3.66,5.89,4.03,0.55,0.93,1.83,1.9,0.45,0,2.26,3.35,0.32,6.08,1.24,1.42,0.24,6.25,4.09,1.15,0.74,3.55,1.29,0.73,0.19,0.37,1.07,0,0.26,1.47,0.26,0.13,
24-Aug,3.68,0.86,1.9,0.31,1.92,1.55,0.92,0.31,2.26,6.04,0,7.42,1.95,4.54,0.31,1.66,3,0.46,,0.46,1.72,7.11,0.29,0.47,0.49,0,1.7,1.37,2.31,1.61,0.31,0.43,0.3,2.83,0.91,0.92,0,0.63,2.34,0,2.04,0.43,2.59,1.32,1.4,2.3,2.8,0.87,0.75,4.98,2.66,1.1,0.76,5.83,0.7,0,0,1.1,1.43,0.19,0.38,0,0.19,0.58,
25-Aug,4.94,4.16,3.99,0,0,1.76,4.14,0,0.45,1.63,0.3,2.48,4.88,2.38,0.92,7.52,10.5,3.64,,0.47,0.92,4.23,1.45,0,1.8,0.48,1.46,2.22,2.34,2.78,2.68,0.92,0,2.6,1.7,4.01,0.61,0.29,1.4,1.35,1.51,0,1.4,4.89,1.82,8.33,2.98,1.35,,5.87,2.24,0.54,0.38,4,0.19,2.57,0,0.56,1.21,0.97,1.05,2.9,0.19,0.96,
26-Aug,3.26,4.28,6.04,0,0,4.12,2.11,0,3.26,0,1.52,0.59,,0,10.07,4.79,,0.46,0.44,2.36,3.3,3.25,0,1.38,0.46,0.94,0.46,2.73,3.19,0.86,,1.83,0.44,4.46,1.58,2.29,0.31,1.22,0.31,2.26,0.88,,2.32,6.32,1.77,,5.15,0.67,,,1.46,0.74,2.23,1.3,0,1.63,0,0.19,0.56,1.34,0.38,0.19,0,0.26,
27-Aug,2.84,3.26,6.41,0.3,0.98,4.13,3.33,0,0,4.76,1.54,0.9,,2.61,,3.5,,0.43,4.48,,0.92,8.44,3.21,,4.58,0,,1.3,,1.41,,0,0.88,2.61,3.44,5.63,0,0.91,1.57,1.79,0,,1.38,5.05,3.46,,4.91,2.59,,,3,3.72,1.12,1.22,0.19,0.72,0.75,0.37,0.56,0.5,0.39,2.73,0.76,0.52,
28-Aug,3.72,1.44,4.18,0.46,0,1.41,1.52,0,0.94,2.85,1.83,0.59,,2.32,,,,3.78,1.8,,,,,,,,,1.83,,2.62,,0,1.7,3.39,1.66,3.43,0.96,0.6,0.32,0.88,2.16,,4.93,5.12,0,,0.86,2.88,,,3.34,1.59,0.75,0.19,0.38,0.18,0.38,0.39,0.57,0.76,1.97,1.01,0,0.19,
29-Aug,4.45,1.9,1.85,3.12,1.84,4.22,0.93,0,1.26,38.08,18.91,0.3,,1.44,,,,,,,,,,,,,,,,0.45,,0,1.32,2.84,0.33,0,0.9,0.3,0.63,0.44,1.78,,2.67,7.57,0,,2.16,1.35,,,4.72,0.93,2.54,1.67,0.19,0.35,0.58,0.38,0,0.57,0.51,0.39,0.19,0.19,
30-Aug,3.02,0.32,1.92,0.66,0.63,1.94,0,0,0.63,,,0,,2.77,,,,,,,,,,,,,,,,0,,0,1.34,5.13,1.18,4.81,2.22,0.63,2.37,1.29,0.45,,2.01,6.38,0.89,,0.34,0,,,2.98,,1.11,2.44,1.5,0.19,0.19,1.26,2.99,0.63,1.66,0.57,0,0,
31-Aug,1.36,1.78,2.63,2.57,1.88,7.85,0,1.27,5.24,,,0.98,,,,,,,,,,,,,,,,,,,,0,1.78,2.73,4.96,5.61,1.83,0.47,2.77,2.66,0.94,,2.29,2.48,1.8,,1.4,1.07,,,1.23,,1.86,7.96,0.13,0,0,1.9,0.19,0.59,1.91,0.38,0,0.19,
1-Sep,1.89,1.83,6.49,0.65,0,1.24,0,2.51,0.94,,,,,,,,,,,,,,,,,,,,,,,0,1.15,1.35,3.83,0,2.74,0,,0.61,3.01,,3.58,2.32,0.88,,,5.08,,,1.7,,1.53,5.63,0.38,0.19,0.19,1.5,0.77,0,1.92,3.38,0.19,0,
2-Sep,9.56,,8.11,0.47,0,1.55,0.45,0.47,1.24,,,,,,,,,,,,,,,,,,,,,,,7.18,0,0.47,2.13,4.08,0.31,0.93,,1.76,0.9,,1.89,2.07,0,,,1.33,,,0.19,,0.19,2.95,0.19,0,0,0.76,0.26,0.38,0.57,3.43,0,0.19,
3-Sep,5.3,,14.21,1.4,0,0,0.95,2.34,0,,,,,,,,,,,,,,,,,,,,,,,7.35,0.6,2.81,2.75,2.31,0.92,0,,1.85,0.92,,4.89,1.26,0.32,,,2.03,,,2.32,,1.66,4.52,0.56,0.19,0.58,0.38,0.39,0.39,1.14,0.39,0,0,
4-Sep,1.48,,6.1,,1.35,7.18,1.87,5.71,,,,,,,,,,,,,,,,,,,,,,,,14.96,1.39,0.93,4.03,2.77,2.35,0.92,,1.74,0,,5.88,2.27,0,,,0.71,,,2.42,,2.52,2.29,2.75,0.57,0.19,0.19,1.52,0.19,0,0.39,0.19,0.58,
5-Sep,2.31,,3.88,,1.89,8.41,,4.65,,,,,,,,,,,,,,,,,,,,,,,,3,1.8,1.7,1.42,,2.38,0,,0.94,1.89,,8.01,3.36,0.61,,,0.18,,,1.38,,0.75,3.73,2.72,0,0.19,0.56,1.52,0.78,0.97,0.58,0.19,0.39,
6-Sep,2.66,,0.67,,0.47,8.38,,,,,,,,,,,,,,,,,,,,,,,,,,4.44,2.02,0.95,5.13,,0,1.41,,,0.93,,2.3,7.26,0.47,,,0.82,,,3.36,,0,5.84,1.31,0,0.39,0.38,1.65,0,0.77,0.19,0.77,0.19,
7-Sep,0,,0.96,,1.41,,,,,,,,,,,,,,,,,,,,,,,,,,,,2.11,0.32,2.73,,0.63,1.26,,,1.36,,5.05,13.51,0,,,2.81,,,2.56,,0.13,1.89,1.66,0,0.39,0.19,0.77,0.57,0.39,2.65,0,0,
8-Sep,2.43,,0,,1.21,,,,,,,,,,,,,,,,,,,,,,,,,,,,0.44,1.43,2.37,,0.62,1.26,,,1.87,,2.74,5.97,1.78,,,3.1,,,0.57,,1.33,3.79,2.03,0,0,0.57,2.27,0.26,0.19,0.19,0,0,
9-Sep,0,,4.56,,,,,,,,,,,,,,,,,,,,,,,,,,,,,,2.32,,3.31,,3.21,1.26,,,0.48,,7.64,8.27,4.44,,,4.57,,,1.27,,0.76,2.98,0.76,1.83,0,1.15,1.53,0.77,0.78,0.76,0.58,0.97,
10-Sep,0.98,,4.92,,,,,,,,,,,,,,,,,,,,,,,,,,,,,,,,5.17,,3.72,0.48,,,2.24,,7.26,13.61,1.79,,,1.46,,,0.56,,0,7.6,0,0.56,0,0.39,2.63,0.97,0.78,2.84,0.19,0,
11-Sep,0.68,,1.85,,,,,,,,,,,,,,,,,,,,,,,,,,,,,,,,,,,0.93,,,1.4,,2.71,4.05,2.27,,,0.91,,,4.33,,0.38,0.96,2.88,1.47,0.58,0.96,0.19,0.39,6.49,1.31,0.39,0.26,
12-Sep,0.59,,,,,,,,,,,,,,,,,,,,,,,,,,,,,,,,,,,,,0.95,,,1.91,,2.82,6.17,0.47,,,3.09,,,0.19,,0.94,2.44,0.19,1.27,1.03,3.62,1.17,0.19,3.55,0,0,0.39,
13-Sep,0,,,,,,,,,,,,,,,,,,,,,,,,,,,,,,,,,,,,,3.38,,,1.89,,2.78,1.83,4.48,,,2.81,,,3.15,,0.78,2.65,1.9,0.56,0,3.02,1.73,0.19,2.89,4.83,0,0.19,
14-Sep,0,,,,,,,,,,,,,,,,,,,,,,,,,,,,,,,,,,,,,2.2,,,0.47,,10.05,4.48,0,,,0.55,,,0.5,,1.32,2.28,1.37,0.19,2.6,0.59,0.78,0,1.74,5.21,0.39,0,
15-Sep,2.03,,,,,,,,,,,,,,,,,,,,,,,,,,,,,,,,,,,,,0.95,,,1.9,,10.48,0.93,1.91,,,2.69,,,0.39,,0.38,2.85,0,0.57,0.77,1.15,1.02,0.19,1.36,2.8,0.19,0.19,
16-Sep,3.91,,,,,,,,,,,,,,,,,,,,,,,,,,,,,,,,,,,,,0.48,,,,,5.12,2.16,0,,,1.47,,,,,1.55,0.58,0,0.56,0.19,1.14,1.94,0.39,0.39,5.13,0,0.19,
17-Sep,2.55,,,,,,,,,,,,,,,,,,,,,,,,,,,,,,,,,,,,,1.42,,,,,1.92,0.98,1.63,,,0.73,,,,,0.57,1.7,0.19,0.72,0,1.32,0.19,0,0.97,0.92,0,0.39,
18-Sep,4.23,,,,,,,,,,,,,,,,,,,,,,,,,,,,,,,,,,,,,2.42,,,,,0.95,0.97,2.74,,,0.12,,,,,1.13,3.7,0.77,0.19,0.19,0.19,,0.19,1.73,2.46,0,0,
19-Sep,2.92,,,,,,,,,,,,,,,,,,,,,,,,,,,,,,,,,,,,,3.3,,,,,2.37,0.47,7.4,,,0.93,,,,,0.95,0.39,0,0.19,,0.39,,0.39,1.93,0.96,0,0.19,
20-Sep,2.44,,,,,,,,,,,,,,,,,,,,,,,,,,,,,,,,,,,,,6.56,,,,,3.3,4.88,3.45,,,2.4,,,,,0.39,2.25,0.19,0,,1.75,,0,,0,0.58,0.78,
21-Sep,0.99,,,,,,,,,,,,,,,,,,,,,,,,,,,,,,,,,,,,,,,,,,2.81,1.27,3.02,,,1.33,,,,,1.73,0.95,0.19,0,,0.57,,0.19,,,0.39,0.19,
22-Sep,,,,,,,,,,,,,,,,,,,,,,,,,,,,,,,,,,,,,,,,,,,1.9,3.28,1.94,,,1.81,,,,,0.39,4.71,0,0,,,,0.19,,,,0.39,
23-Sep,,,,,,,,,,,,,,,,,,,,,,,,,,,,,,,,,,,,,,,,,,,1.43,1.42,2.74,,,0.92,,,,,0.19,0.38,0.58,0.54,,,,0,,,,,
24-Sep,,,,,,,,,,,,,,,,,,,,,,,,,,,,,,,,,,,,,,,,,,,2.86,6.46,1.44,,,0.37,,,,,0.58,0.38,1.14,0,,,,0,,,,,
25-Sep,,,,,,,,,,,,,,,,,,,,,,,,,,,,,,,,,,,,,,,,,,,3.84,2.39,1.41,,,1.45,,,,,0.38,,,,,,,,,,,,
26-Sep,,,,,,,,,,,,,,,,,,,,,,,,,,,,,,,,,,,,,,,,,,,1.44,6.52,0,,,,,,,,0.58,,,,,,,,,,,,
27-Sep,,,,,,,,,,,,,,,,,,,,,,,,,,,,,,,,,,,,,,,,,,,3.32,5.18,0,,,,,,,,0.39,,,,,,,,,,,,
28-Sep,,,,,,,,,,,,,,,,,,,,,,,,,,,,,,,,,,,,,,,,,,,1.92,3.61,0.91,,,,,,,,0,,,,,,,,,,,,
29-Sep,,,,,,,,,,,,,,,,,,,,,,,,,,,,,,,,,,,,,,,,,,,0.48,0.93,0,,,,,,,,,,,,,,,,,,,,
30-Sep,,,,,,,,,,,,,,,,,,,,,,,,,,,,,,,,,,,,,,,,,,,0,2.77,3.72,,,,,,,,,,,,,,,,,,,,
1-Oct,,,,,,,,,,,,,,,,,,,,,,,,,,,,,,,,,,,,,,,,,,,2.53,0.31,2.35,,,,,,,,,,,,,,,,,,,,
2-Oct,,,,,,,,,,,,,,,,,,,,,,,,,,,,,,,,,,,,,,,,,,,2.33,0.47,4.1,,,,,,,,,,,,,,,,,,,,
3-Oct,,,,,,,,,,,,,,,,,,,,,,,,,,,,,,,,,,,,,,,,,,,3.34,1.84,4.69,,,,,,,,,,,,,,,,,,,,
4-Oct,,,,,,,,,,,,,,,,,,,,,,,,,,,,,,,,,,,,,,,,,,,1.92,2.75,1.38,,,,,,,,,,,,,,,,,,,,
5-Oct,,,,,,,,,,,,,,,,,,,,,,,,,,,,,,,,,,,,,,,,,,,0.5,,0,,,,,,,,,,,,,,,,,,,,
6-Oct,,,,,,,,,,,,,,,,,,,,,,,,,,,,,,,,,,,,,,,,,,,1.35,,0,,,,,,,,,,,,,,,,,,,,
7-Oct,,,,,,,,,,,,,,,,,,,,,,,,,,,,,,,,,,,,,,,,,,,2.73,,0,,,,,,,,,,,,,,,,,,,,
8-Oct,,,,,,,,,,,,,,,,,,,,,,,,,,,,,,,,,,,,,,,,,,,,,0.47,,,,,,,,,,,,,,,,,,,,
9-Oct,,,,,,,,,,,,,,,,,,,,,,,,,,,,,,,,,,,,,,,,,,,,,1.86,,,,,,,,,,,,,,,,,,,,
10-Oct,,,,,,,,,,,,,,,,,,,,,,,,,,,,,,,,,,,,,,,,,,,,,0.47,,,,,,,,,,,,,,,,,,,,
11-Oct,,,,,,,,,,,,,,,,,,,,,,,,,,,,,,,,,,,,,,,,,,,,,0.94,,,,,,,,,,,,,,,,,,,,
12-Oct,,,,,,,,,,,,,,,,,,,,,,,,,,,,,,,,,,,,,,,,,,,,,0.94,,,,,,,,,,,,,,,,,,,,
