Year,Trip No,Port Code,Gear Code,Frozen Fish,Count Source,Sell Date,Stat Week,Troll Area,District,Stat Area,Converted-Days Fished,FPD-Days Fished,Hours per Day,Chinook,Coho,Chum,,"From OceanAK, Year >= 2000, District = 101, 102, Statweek 27-30"
2000,85031,KTN,15,n,,7/17/2000 0:00,30,Southern Inside,101,101-21,5,5,13,0,164,0,,"""Converted-Days Fished"" is FPD-Days converted to a standard 13 hr day"
2000,85032,KTN,5,n,,7/12/2000 0:00,29,Southern Inside,101,101-29,3.461538462,3,15,0,31,10,,
2000,85159,CRG,15,n,,7/17/2000 0:00,30,Southern Inside,102,102-10,0.923076923,1,12,0,53,2,,
2000,85551,KTN,15,n,,7/10/2000 0:00,29,Southern Inside,101,101-45,1.615384615,3,7,48,14,0,,
2000,85552,KTN,15,n,,7/8/2000 0:00,28,Southern Inside,101,101-45,0.461538462,2,3,8,1,0,,
2000,85554,KTN,15,n,,7/14/2000 0:00,29,Southern Inside,101,101-45,2.307692308,2.5,12,19,29,0,,
2000,85555,KTN,15,n,,7/18/2000 0:00,30,Southern Inside,101,101-21,2.769230769,3,12,0,149,0,,
2000,85557,KTN,15,n,,7/14/2000 0:00,29,Southern Inside,102,102-10,3.692307692,4,12,0,490,0,,
2000,85558,KTN,5,n,,7/18/2000 0:00,30,Southern Inside,101,101-45,3.692307692,3,16,0,10,11,,
2000,85559,KTN,15,n,,7/6/2000 0:00,28,Southern Inside,102,102-10,6.923076923,5,18,58,240,0,,
2000,85560,KTN,15,n,,7/19/2000 0:00,30,Southern Inside,102,102-10,3,3,13,0,261,0,,
2000,85561,KTN,15,n,,7/15/2000 0:00,29,Southern Inside,102,102-10,3.692307692,4,12,0,250,0,,
2000,85571,KTN,15,n,,7/10/2000 0:00,29,Southern Inside,102,102-10,0.846153846,1,11,0,52,2,,
2000,85572,KTN,5,n,,7/10/2000 0:00,29,Southern Inside,101,101-45,0.923076923,2,6,0,3,2,,
2000,85574,KTN,15,n,,7/6/2000 0:00,28,Southern Inside,101,101-21,3.692307692,4,12,75,34,0,,
2000,85575,KTN,15,n,,7/6/2000 0:00,28,Southern Inside,101,101-29,3.230769231,3,14,14,34,0,,
2000,85575,KTN,15,n,,7/6/2000 0:00,28,Southern Inside,102,102-60,1.846153846,3,8,70,35,0,,
2000,85576,KTN,15,n,,7/6/2000 0:00,28,Southern Inside,101,101-21,5,5,13,70,64,0,,
2000,85578,KTN,15,n,,7/6/2000 0:00,28,Southern Inside,102,102-10,5.769230769,5,15,42,215,0,,
2000,85580,KTN,15,n,,7/22/2000 0:00,30,Southern Inside,102,102-10,0.615384615,1,8,0,90,0,,
2000,85598,KTN,15,n,,7/14/2000 0:00,29,Southern Inside,102,102-10,5,5,13,0,518,6,,
2000,85600,KTN,15,n,,7/18/2000 0:00,30,Southern Inside,101,101-21,4.153846154,4.5,12,0,270,0,,
2000,85601,KTN,15,n,,7/6/2000 0:00,28,Southern Inside,101,101-29,5.769230769,5,15,60,37,0,,
2000,85602,KTN,15,n,,7/6/2000 0:00,28,Southern Inside,101,101-21,0.5,0.5,13,23,4,0,,
2000,85602,KTN,15,n,,7/6/2000 0:00,28,Southern Inside,102,102-10,5.538461538,4.5,16,85,213,0,,
2000,85603,KTN,15,n,,7/6/2000 0:00,28,Southern Inside,101,101-29,5.769230769,5,15,34,24,0,,
2000,85608,KTN,15,n,,7/6/2000 0:00,28,Southern Inside,102,102-10,5,5,13,24,365,0,,
2000,85609,KTN,15,n,,7/6/2000 0:00,28,Southern Inside,101,101-21,3.230769231,3,14,14,134,0,,
2000,85609,KTN,15,n,,7/6/2000 0:00,28,Southern Inside,101,101-29,2.153846154,2,14,14,7,0,,
2000,85610,KTN,15,n,,7/6/2000 0:00,28,Southern Inside,102,102-10,5.384615385,5,14,27,308,0,,
2000,85611,KTN,15,n,,7/6/2000 0:00,28,Southern Inside,102,102-10,3.5,3.5,13,17,265,0,,
2000,85617,KTN,15,n,,7/19/2000 0:00,30,Southern Inside,101,101-45,1.076923077,1,14,0,0,60,,
2000,85617,KTN,15,n,,7/19/2000 0:00,30,Southern Inside,102,102-10,1.076923077,1,14,0,80,0,,
2000,85618,KTN,15,n,,7/12/2000 0:00,29,Southern Inside,102,102-10,2.769230769,3,12,0,314,0,,
2000,85619,KTN,15,n,,7/14/2000 0:00,29,Southern Inside,102,102-10,5.384615385,5,14,0,465,0,,
2000,85620,KTN,5,n,,7/18/2000 0:00,30,Southern Inside,102,102-10,1.384615385,1.5,12,0,42,0,,
2000,85622,KTN,15,n,,7/13/2000 0:00,29,Southern Inside,102,102-10,4.5,4.5,13,0,362,0,,
2000,85623,KTN,15,n,,7/13/2000 0:00,29,Southern Inside,102,102-10,5.538461538,6,12,0,498,0,,
2000,85624,KTN,15,n,,7/17/2000 0:00,30,Southern Inside,101,101-29,2.307692308,2.5,12,0,132,0,,
2000,85625,KTN,15,n,,7/18/2000 0:00,30,Southern Inside,102,102-10,4,4,13,0,252,0,,
2000,85626,KTN,15,n,,7/19/2000 0:00,30,Southern Inside,102,102-10,5,5,13,0,293,0,,
2000,85627,KTN,15,n,,7/19/2000 0:00,30,Southern Inside,102,102-10,2.769230769,3,12,0,267,0,,
2000,86552,KTN,15,n,,7/20/2000 0:00,30,Southern Inside,102,102-10,1.384615385,1.5,12,0,90,0,,
2001,299,CRG,15,n,,7/19/2001 0:00,29,Southern Inside,102,102-10,5.384615385,5,14,0,368,0,,
2001,3062,KTN,15,n,,7/26/2001 0:00,30,Southern Inside,101,101-27,2.692307692,2.5,14,0,144,0,,
2001,3064,KTN,15,n,,7/28/2001 0:00,30,Southern Inside,102,102-10,5.769230769,5,15,0,478,0,,
2001,5120,KTN,15,n,,7/26/2001 0:00,30,Southern Inside,101,101-21,6,6,13,0,339,0,,
2001,85563,KTN,15,n,,7/6/2001 0:00,27,Southern Inside,101,101-45,2.538461538,3,11,25,7,41,,
2001,85564,KTN,15,n,,7/6/2001 0:00,27,Southern Inside,101,101-45,4.307692308,3.5,16,48,4,0,,
2001,85565,KTN,15,n,,7/6/2001 0:00,27,Southern Inside,101,101-25,0.230769231,1,3,1,0,0,,
2001,85565,KTN,15,n,,7/6/2001 0:00,27,Southern Inside,101,101-29,2,2,13,20,90,0,,
2001,85565,KTN,15,n,,7/6/2001 0:00,27,Southern Inside,101,101-45,1.153846154,1,15,29,6,0,,
2001,85565,KTN,15,n,,7/6/2001 0:00,27,Southern Inside,102,102-20,1.153846154,1,15,6,15,0,,
2001,85566,KTN,15,n,,7/21/2001 0:00,29,Southern Inside,101,101-29,5,5,13,0,690,0,,
2001,85567,KTN,15,n,,7/7/2001 0:00,27,Southern Inside,101,101-23,3.692307692,4,12,146,81,2,,
2001,85646,KTN,15,n,,7/19/2001 0:00,29,Southern Inside,102,102-20,2.307692308,3,10,0,141,0,,
2001,86557,KTN,15,n,,7/7/2001 0:00,27,Southern Inside,101,101-45,4.307692308,4,14,126,4,0,,
2001,86559,KTN,15,n,,7/7/2001 0:00,27,Southern Inside,101,101-45,1.692307692,2,11,25,3,10,,
2001,86580,KTN,15,n,,7/7/2001 0:00,27,Southern Inside,101,101-45,0.769230769,2,5,12,3,12,,
2001,86592,KTN,15,n,,7/7/2001 0:00,27,Southern Inside,101,101-23,5.384615385,5,14,15,377,0,,
2001,86728,KTN,15,n,,7/18/2001 0:00,29,Southern Inside,101,101-29,3.230769231,3,14,0,58,0,,
2001,86729,KTN,15,n,,7/23/2001 0:00,30,Southern Inside,101,101-21,5.538461538,6,12,0,733,0,,
2001,86733,KTN,5,n,,7/3/2001 0:00,27,Southern Inside,101,101-29,0.923076923,1,12,4,20,3,,
2001,86733,KTN,5,n,,7/3/2001 0:00,27,Southern Inside,102,102-10,0.615384615,1,8,2,10,3,,
2001,86738,KTN,15,n,,7/5/2001 0:00,27,Southern Inside,101,101-45,6.346153846,5,16.5,100,0,0,,
2001,86739,KTN,15,n,,7/5/2001 0:00,27,Southern Inside,101,101-29,4.307692308,4,14,44,33,0,,
2001,86739,KTN,15,n,,7/5/2001 0:00,27,Southern Inside,101,101-90,0.923076923,1,12,41,0,6,,
2001,86740,KTN,5,n,,7/5/2001 0:00,27,Southern Inside,101,101-45,6.153846154,5,16,29,2,8,,
2001,86741,KTN,15,n,,7/6/2001 0:00,27,Southern Inside,101,101-29,5.384615385,5,14,93,100,5,,
2001,86742,KTN,15,n,,7/6/2001 0:00,27,Southern Inside,101,101-29,6.153846154,5,16,44,98,0,,
2001,86743,KTN,15,n,,7/6/2001 0:00,27,Southern Inside,101,101-45,1.153846154,1.5,10,29,52,0,,
2001,86743,KTN,15,n,,7/6/2001 0:00,27,Southern Inside,102,102-10,3.076923077,4,10,50,88,0,,
2001,86744,KTN,15,n,,7/7/2001 0:00,27,Southern Inside,101,101-45,0.692307692,1,9,4,2,0,,
2001,86748,KTN,15,n,,7/6/2001 0:00,27,Southern Inside,101,101-29,0.769230769,1,10,3,10,0,,
2001,86750,KTN,15,n,,7/6/2001 0:00,27,Southern Inside,102,102-10,4.846153846,4.5,14,96,104,8,,
2001,86759,KTN,15,n,,7/7/2001 0:00,27,Southern Inside,101,101-45,0.846153846,1,11,10,8,4,,
2001,86761,KTN,15,n,,7/17/2001 0:00,29,Southern Inside,101,101-23,7,6.5,14,0,840,0,,
2001,86762,KTN,15,n,,7/18/2001 0:00,29,Southern Inside,102,102-10,3.692307692,4,12,0,916,0,,
2001,86764,KTN,15,n,,7/28/2001 0:00,30,Southern Inside,102,102-30,3.692307692,4,12,0,262,0,,
2001,86765,KTN,15,n,,7/20/2001 0:00,29,Southern Inside,101,101-21,6,6,13,0,746,0,,
2001,86771,KTN,15,n,,7/7/2001 0:00,27,Southern Inside,102,102-50,2.461538462,4,8,6,10,0,,
2001,86773,KTN,15,n,,7/28/2001 0:00,30,Southern Inside,101,101-21,4.615384615,4,15,0,376,0,,
2001,86786,KTN,15,n,,7/21/2001 0:00,29,Southern Inside,101,101-29,2.383846154,3,10.33,0,281,0,,
2001,86796,KTN,15,n,,7/27/2001 0:00,30,Southern Inside,101,101-29,3.5,3.5,13,0,300,6,,
2001,86799,KTN,15,n,,7/25/2001 0:00,30,Southern Inside,102,102-10,4.615384615,5,12,0,1326,3,,
2001,86800,KTN,15,n,,7/25/2001 0:00,30,Southern Inside,102,102-10,4.615384615,5,12,0,1279,0,,
2001,86918,KTN,15,n,,7/6/2001 0:00,27,Southern Inside,102,102-10,3.692307692,4,12,104,68,8,,
2002,1268,KTN,15,n,,7/10/2002 0:00,28,Southern Inside,101,101-29,4.307692308,4,14,59,69,0,,
2002,1270,YAK,15,n,,7/17/2002 0:00,29,Southern Inside,102,102-50,3,3,13,57,98,0,,
2002,1273,KTN,15,n,,7/3/2002 0:00,27,Southern Inside,101,101-45,3.076923077,2.5,16,114,2,0,,
2002,1274,KTN,5,n,,7/2/2002 0:00,27,Southern Inside,101,101-45,0.692307692,1,9,5,1,0,,
2002,1298,KTN,15,n,,7/3/2002 0:00,27,Southern Inside,101,101-29,1.038461538,1.5,9,17,20,0,,
2002,1299,KTN,15,n,,7/17/2002 0:00,29,Southern Inside,101,101-21,2.153846154,3.5,8,107,197,0,,
2002,1300,KTN,15,n,,7/5/2002 0:00,27,Southern Inside,102,102-60,4.153846154,4.5,12,103,25,0,,
2002,1303,KTN,15,n,,7/5/2002 0:00,27,Southern Inside,101,101-29,2.769230769,3,12,65,60,0,,
2002,1309,KTN,15,n,,7/14/2002 0:00,29,Southern Inside,102,102-20,1.846153846,2,12,27,41,0,,
2002,1313,KTN,15,n,,7/19/2002 0:00,29,Southern Inside,101,101-21,2.692307692,2.5,14,30,135,2,,
2002,1314,KTN,15,n,,7/15/2002 0:00,29,Southern Inside,101,101-21,1.846153846,2,12,57,148,0,,
2002,1314,KTN,15,n,,7/15/2002 0:00,29,Southern Inside,101,101-29,1.384615385,1.5,12,18,38,0,,
2002,1316,KTN,15,n,,7/13/2002 0:00,28,Southern Inside,102,102-50,5.923076923,5.5,14,92,66,0,,
2002,1317,KTN,15,n,,7/13/2002 0:00,28,Southern Inside,101,101-25,2.692307692,2.5,14,62,77,0,,
2002,1318,KTN,15,n,,7/17/2002 0:00,29,Southern Inside,102,102-30,4.5,4.5,13,56,160,0,,
2002,1319,KTN,15,n,,7/19/2002 0:00,29,Southern Inside,101,101-21,0.846153846,1,11,29,76,1,,
2002,1320,KTN,5,n,,7/21/2002 0:00,30,Southern Inside,101,101-29,2.769230769,3,12,0,15,8,,
2002,1322,KTN,15,n,,7/19/2002 0:00,29,Southern Inside,101,101-21,4.846153846,4.5,14,111,390,1,,
2002,1325,KTN,15,n,,7/20/2002 0:00,29,Southern Inside,101,101-21,1.153846154,1.5,10,0,100,0,,
2002,1330,KTN,15,n,,7/26/2002 0:00,30,Southern Inside,101,101-23,4.307692308,4,14,0,554,0,,
2002,1332,KTN,15,n,,7/26/2002 0:00,30,Southern Inside,102,102-10,0.692307692,2,4.5,0,54,0,,
2002,1336,KTN,15,n,,7/27/2002 0:00,30,Southern Inside,101,101-21,4.846153846,4.5,14,0,427,0,,
2002,1337,KTN,15,n,,7/11/2002 0:00,28,Southern Inside,101,101-60,3.076923077,4,10,110,33,0,,
2002,3145,KTN,15,n,,7/23/2002 0:00,30,Southern Inside,101,101-21,3.692307692,4,12,0,340,2,,
2002,3505,KTN,15,n,,7/12/2002 0:00,28,Southern Inside,101,101-21,3.692307692,4,12,275,54,0,,
2002,3506,KTN,15,n,,7/19/2002 0:00,29,Southern Inside,101,101-25,3.461538462,3,15,0,183,0,,
2002,3507,KTN,15,n,,7/23/2002 0:00,30,Southern Inside,101,101-23,3.692307692,4,12,0,175,1,,
2002,3568,CRG,15,n,,7/19/2002 0:00,29,Southern Inside,101,101-41,0.192307692,1,2.5,5,2,0,,
2002,3568,CRG,15,n,,7/19/2002 0:00,29,Southern Inside,102,102-30,0.769230769,1,10,1,30,0,,
2002,86560,KTN,5,n,,7/24/2002 0:00,30,Southern Inside,101,101-21,2.076923077,3,9,0,68,0,,
2002,86769,KTN,15,n,,7/10/2002 0:00,28,Southern Inside,101,101-29,2.307692308,3,10,10,16,0,,
2002,86777,KTN,5,n,,7/3/2002 0:00,27,Southern Inside,101,101-45,1.384615385,2,9,37,1,0,,
2002,86778,KTN,15,n,,7/8/2002 0:00,28,Southern Inside,101,101-29,0.769230769,2,5,10,30,0,,
2003,112,KTN,15,n,,7/2/2003 0:00,27,Southern Inside,101,101-45,1.846153846,2,12,78,2,6,,
2003,114,KTN,15,n,,7/2/2003 0:00,27,Southern Inside,101,101-45,0.384615385,1,5,8,0,0,,
2003,116,KTN,15,n,,7/15/2003 0:00,29,Southern Inside,102,102-60,2.5,2.5,13,52,113,0,,
2003,172,KTN,15,n,,7/26/2003 0:00,30,Southern Inside,101,101-21,3,3,13,130,300,0,,
2003,238,KTN,15,n,,7/16/2003 0:00,29,Southern Inside,101,101-21,4.326923077,4.5,12.5,193,478,0,,
2003,241,KTN,15,n,,7/11/2003 0:00,28,Southern Inside,102,102-10,5.538461538,4.5,16,186,384,0,,
2003,242,KTN,15,n,,7/16/2003 0:00,29,Southern Inside,101,101-21,4.307692308,4,14,22,522,1,,
2003,244,KTN,15,n,,7/17/2003 0:00,29,Southern Inside,101,101-21,4.615384615,4,15,58,274,0,,
2003,245,KTN,15,n,,7/17/2003 0:00,29,Southern Inside,101,101-21,7.384615385,6,16,23,258,0,,
2003,247,KTN,15,n,,7/23/2003 0:00,30,Southern Inside,101,101-21,3.846153846,4,12.5,40,813,0,,
2003,3190,KTN,15,n,,7/7/2003 0:00,28,Southern Inside,101,101-29,6.923076923,6,15,62,82,0,,
2003,3191,KTN,15,n,,7/7/2003 0:00,28,Southern Inside,101,101-45,3.923076923,3,17,61,7,0,,
2003,3192,KTN,15,n,,7/7/2003 0:00,28,Southern Inside,101,101-21,3,3,13,18,73,2,,
2003,3192,KTN,15,n,,7/7/2003 0:00,28,Southern Inside,101,101-29,2,2,13,5,18,0,,
2003,3193,KTN,5,n,,7/9/2003 0:00,28,Southern Inside,101,101-29,1.384615385,3,6,2,27,0,,
2003,3194,KTN,5,n,,7/10/2003 0:00,28,Southern Inside,101,101-29,2.307692308,3,10,5,6,0,,
2003,3195,KTN,5,n,,7/10/2003 0:00,28,Southern Inside,101,101-45,1.153846154,3,5,26,1,0,,
2003,3196,KTN,15,n,,7/10/2003 0:00,28,Southern Inside,102,102-50,4,4,13,108,155,0,,
2003,3197,KTN,5,n,,7/17/2003 0:00,29,Southern Inside,101,101-29,1.076923077,1,14,9,54,0,,
2003,3199,KTN,15,n,,7/22/2003 0:00,30,Southern Inside,101,101-21,3.230769231,3.5,12,3,427,0,,
2003,3200,KTN,15,n,,7/22/2003 0:00,30,Southern Inside,101,101-90,1.153846154,3,5,0,15,1,,
2003,3244,KTN,15,n,,7/7/2003 0:00,28,Southern Inside,101,101-21,4.615384615,5,12,130,336,0,,
2003,3246,KTN,15,n,,7/8/2003 0:00,28,Southern Inside,102,102-10,0.923076923,1.5,8,101,113,0,,
2003,3249,KTN,15,n,,7/16/2003 0:00,29,Southern Inside,101,101-21,5.384615385,5,14,0,628,0,,
2003,3314,CRG,15,n,,7/26/2003 0:00,30,Southern Inside,101,101-21,2.153846154,2,14,1,240,0,,
2003,3846,KTN,15,y,,7/23/2003 0:00,30,Southern Inside,101,101-21,5.384615385,5,14,0,1135,0,,
2003,3847,KTN,15,n,,7/24/2003 0:00,30,Southern Inside,101,101-21,3,3,13,15,368,0,,
2003,5452,KTN,15,n,,7/15/2003 0:00,29,Southern Inside,101,101-21,4.615384615,5,12,60,373,0,,
2004,72,CRG,15,n,,7/16/2004 0:00,29,Southern Inside,102,102-70,0.846153846,1,11,17,14,0,,
2004,536,KTN,15,n,,7/16/2004 0:00,29,Southern Inside,102,102-10,0.769230769,1,10,18,75,0,,
2004,5503,KTN,15,n,,7/5/2004 0:00,28,Southern Inside,101,101-21,2.769230769,3,12,134,263,0,,
2004,5504,KTN,15,n,,7/5/2004 0:00,28,Southern Inside,101,101-21,4.307692308,4,14,214,440,1,,
2004,5505,KTN,15,n,,7/5/2004 0:00,28,Southern Inside,101,101-29,4.307692308,4,14,48,52,0,,
2004,5506,KTN,15,n,,7/5/2004 0:00,28,Southern Inside,102,102-10,3.230769231,3,14,174,45,0,,
2004,5510,KTN,15,n,,7/6/2004 0:00,28,Southern Inside,101,101-29,3.076923077,4,10,18,10,0,,
2004,5511,KTN,15,n,,7/9/2004 0:00,28,Southern Inside,101,101-21,3.769230769,3.5,14,206,183,0,,
2004,5512,KTN,15,n,,7/10/2004 0:00,28,Southern Inside,101,101-21,4.923076923,4,16,241,204,3,,
2004,5513,KTN,15,n,,7/10/2004 0:00,28,Southern Inside,101,101-21,2.076923077,2,13.5,0,0,0,,
2004,5513,KTN,15,n,,7/10/2004 0:00,28,Southern Inside,102,102-10,1.038461538,1,13.5,170,64,0,,
2004,5520,KTN,15,n,,7/10/2004 0:00,28,Southern Inside,101,101-29,1.615384615,3,7,9,18,0,,
2004,5524,KTN,15,n,,7/12/2004 0:00,29,Southern Inside,102,102-50,3.692307692,4,12,110,96,0,,
2004,5525,KTN,15,n,,7/12/2004 0:00,29,Southern Inside,101,101-45,1.846153846,2,12,47,8,4,,
2004,5526,KTN,15,n,,7/13/2004 0:00,29,Southern Inside,101,101-21,4.615384615,5,12,196,218,0,,
2004,5527,KTN,15,n,,7/13/2004 0:00,29,Southern Inside,101,101-21,4.307692308,4,14,313,223,0,,
2004,5528,KTN,5,n,,7/13/2004 0:00,29,Southern Inside,101,101-29,1.846153846,2,12,5,80,0,,
2004,5529,KTN,15,n,,7/14/2004 0:00,29,Southern Inside,102,102-10,2.307692308,2,15,92,140,0,,
2004,5530,KTN,15,n,,7/14/2004 0:00,29,Southern Inside,102,102-10,0.461538462,1,6,20,44,0,,
2004,5531,CRG,15,n,,7/15/2004 0:00,29,Southern Inside,101,101-29,0.153846154,1,2,0,7,0,,
2004,5532,KTN,15,n,,7/16/2004 0:00,29,Southern Inside,101,101-21,4.615384615,5,12,59,311,0,,
2004,5533,KTN,15,n,,7/16/2004 0:00,29,Southern Inside,101,101-23,1.384615385,3,6,3,106,0,,
2004,5534,KTN,15,n,,7/16/2004 0:00,29,Southern Inside,101,101-21,2.769230769,3,12,55,232,0,,
2004,5535,KTN,15,n,,7/16/2004 0:00,29,Southern Inside,101,101-21,4.615384615,5,12,22,181,0,,
2004,5536,KTN,15,n,,7/16/2004 0:00,29,Southern Inside,102,102-10,0.769230769,1,10,18,75,0,,
2004,5537,KTN,15,n,,7/19/2004 0:00,30,Southern Inside,101,101-21,5.384615385,5,14,0,505,1,,
2004,5538,KTN,15,n,,7/24/2004 0:00,30,Southern Inside,101,101-21,4.615384615,5,12,0,546,0,,
2004,7710,KTN,15,n,,7/5/2004 0:00,28,Southern Inside,101,101-29,3.5,3.5,13,67,89,0,,
2004,7712,KTN,15,n,,7/5/2004 0:00,28,Southern Inside,101,101-25,4.307692308,4,14,283,273,1,,
2004,7713,KTN,15,n,,7/9/2004 0:00,28,Southern Inside,102,102-50,1.615384615,1.5,14,23,19,0,,
2004,7881,CRG,15,n,,7/15/2004 0:00,29,Southern Inside,101,101-21,4.307692308,4,14,225,279,0,,
2004,9837,SIT,15,n,,7/5/2004 0:00,28,Southern Inside,102,102-60,0.923076923,1,12,18,30,0,,
2005,4301,KTN,15,n,,7/5/2005 0:00,28,Southern Inside,102,102-10,4.153846154,3,18,43,189,3,,
2005,4302,KTN,15,n,,7/5/2005 0:00,28,Southern Inside,101,101-21,3.230769231,3,14,190,349,2,,
2005,4303,KTN,15,n,,7/5/2005 0:00,28,Southern Inside,102,102-10,0.923076923,1.5,8,52,131,1,,
2005,4304,KTN,15,n,,7/11/2005 0:00,29,Southern Inside,101,101-21,0.923076923,1,12,19,42,0,,
2005,4304,KTN,15,n,,7/11/2005 0:00,29,Southern Inside,102,102-20,0.923076923,1,12,30,150,0,,
2005,4304,KTN,15,n,,7/11/2005 0:00,29,Southern Inside,102,102-30,0.923076923,1,12,21,100,0,,
2005,4305,KTN,15,n,,7/13/2005 0:00,29,Southern Inside,101,101-21,4.615384615,5,12,50,590,0,,
2005,4306,KTN,15,n,,7/13/2005 0:00,29,Southern Inside,101,101-21,3.384615385,4,11,36,652,0,,
2005,4307,KTN,15,n,,7/18/2005 0:00,30,Southern Inside,101,101-21,2,2,13,28,615,0,,
2005,4308,KTN,15,n,,7/18/2005 0:00,30,Southern Inside,101,101-21,3.076923077,2.5,16,75,550,0,,
2005,4327,KTN,15,n,,7/5/2005 0:00,28,Southern Inside,101,101-45,2.307692308,2.5,12,71,5,0,,
2005,4328,KTN,15,n,,7/14/2005 0:00,29,Southern Inside,102,102-10,4.615384615,5,12,52,518,0,,
2005,4329,KTN,15,n,,7/18/2005 0:00,30,Southern Inside,102,102-10,0.923076923,1,12,7,200,0,,
2005,4336,KTN,5,n,,7/11/2005 0:00,29,Southern Inside,101,101-45,0.230769231,1,3,4,5,0,,
2005,4336,KTN,5,n,,7/11/2005 0:00,29,Southern Inside,102,102-10,2.769230769,2,18,10,209,0,,
2005,4337,KTN,5,n,,7/11/2005 0:00,29,Southern Inside,101,101-45,2.307692308,2,15,38,6,0,,
2005,4338,KTN,15,n,,7/12/2005 0:00,29,Southern Inside,101,101-21,5.192307692,4.5,15,103,846,0,,
2005,4345,KTN,15,n,,7/18/2005 0:00,30,Southern Inside,102,102-10,1.692307692,2,11,27,353,0,,
2005,4346,KTN,15,n,,7/18/2005 0:00,30,Southern Inside,101,101-21,1.846153846,2,12,9,363,0,,
2005,4347,KTN,5,n,,7/18/2005 0:00,30,Southern Inside,101,101-29,1.230769231,2,8,6,19,0,,
2005,4350,KTN,15,n,,7/20/2005 0:00,30,Southern Inside,101,101-21,3,3,13,0,904,0,,
2005,4351,KTN,15,n,,7/21/2005 0:00,30,Southern Inside,101,101-23,1.538461538,2,10,0,441,0,,
2005,4352,KTN,5,n,,7/18/2005 0:00,30,Southern Inside,102,102-10,2,2,13,19,300,0,,
2005,4353,KTN,15,n,,7/21/2005 0:00,30,Southern Inside,101,101-23,5.192307692,4.5,15,0,1537,0,,
2005,4362,KTN,15,n,,7/21/2005 0:00,30,Southern Inside,102,102-10,5.769230769,5,15,0,710,0,,
2005,4363,KTN,15,n,,7/21/2005 0:00,30,Southern Inside,101,101-21,2.769230769,4,9,0,517,0,,
2005,4364,KTN,15,n,,7/20/2005 0:00,30,Southern Inside,101,101-22,6.153846154,5,16,0,722,0,,
2005,4371,KTN,15,n,,7/5/2005 0:00,28,Southern Inside,102,102-10,2.153846154,2,14,76,32,0,,
2005,4372,KTN,15,n,,7/5/2005 0:00,28,Southern Inside,102,102-50,3.692307692,4,12,106,69,3,,
2005,4373,KTN,15,n,,7/12/2005 0:00,29,Southern Inside,102,102-10,6.923076923,5,18,10,238,0,,
2005,4374,KTN,15,n,,7/5/2005 0:00,28,Southern Inside,101,101-21,6.153846154,5,16,155,291,1,,
2005,4375,KTN,15,n,,7/5/2005 0:00,28,Southern Inside,101,101-21,1.538461538,2,10,68,134,2,,
2005,4376,KTN,15,n,,7/6/2005 0:00,28,Southern Inside,101,101-21,2.538461538,3,11,76,279,0,,
2005,4384,KTN,5,n,,7/5/2005 0:00,28,Southern Inside,102,102-10,1.076923077,1,14,15,50,0,,
2005,4385,KTN,15,n,,7/5/2005 0:00,28,Southern Inside,102,102-60,1.384615385,2,9,33,44,0,,
2005,4386,KTN,15,n,,7/13/2005 0:00,29,Southern Inside,101,101-10,4.615384615,5,12,101,870,0,,
2005,4387,KTN,15,n,,7/13/2005 0:00,29,Southern Inside,102,102-10,2.769230769,3,12,109,212,0,,
2005,4388,KTN,15,n,,7/13/2005 0:00,29,Southern Inside,101,101-21,2.153846154,2,14,40,200,0,,
2005,4390,KTN,5,n,,7/13/2005 0:00,29,Southern Inside,101,101-21,2.769230769,3,12,15,322,0,,
2005,4392,KTN,15,n,,7/12/2005 0:00,29,Southern Inside,102,102-50,3.5,3.5,13,60,85,0,,
2005,4401,KTN,15,n,,7/12/2005 0:00,29,Southern Inside,101,101-21,4.923076923,4,16,144,452,0,,
2005,4907,CRG,15,n,,7/3/2005 0:00,28,Southern Inside,102,102-10,1.846153846,2,12,31,38,1,,
2006,4313,KTN,15,n,,7/11/2006 0:00,28,Southern Inside,102,102-10,3.230769231,3,14,42,25,0,,
2006,4315,KTN,15,n,,7/4/2006 0:00,27,Southern Inside,102,102-10,4.153846154,3,18,71,59,1,,
2006,4316,KTN,15,n,,7/4/2006 0:00,27,Southern Inside,102,102-10,3.461538462,3,15,43,86,5,,
2006,4422,KTN,15,n,,7/18/2006 0:00,29,Southern Inside,102,102-10,1.538461538,2,10,0,214,0,,
2006,4428,KTN,15,n,,7/3/2006 0:00,27,Southern Inside,102,102-30,2.153846154,2,14,51,25,0,,
2006,4429,KTN,15,n,,7/3/2006 0:00,27,Southern Inside,101,101-41,2.692307692,2.5,14,70,42,0,,
2006,4430,KTN,15,n,,7/4/2006 0:00,27,Southern Inside,101,101-29,3.230769231,3,14,7,15,0,,
2006,4431,KTN,15,n,,7/8/2006 0:00,27,Southern Inside,101,101-23,1.615384615,3,7,20,160,0,,
2006,4432,KTN,15,n,,7/8/2006 0:00,27,Southern Inside,101,101-21,4.307692308,4,14,80,75,0,,
2006,4433,KTN,15,n,,7/11/2006 0:00,28,Southern Inside,101,101-23,1.846153846,3,8,10,28,2,,
2006,4495,KTN,15,n,,7/6/2006 0:00,27,Southern Inside,102,102-10,4.5,4.5,13,111,180,3,,
2006,4496,KTN,15,n,,7/3/2006 0:00,27,Southern Inside,102,102-10,0.615384615,1,8,29,12,0,,
2006,4497,CRG,15,n,,7/4/2006 0:00,27,Southern Inside,102,102-10,3.692307692,3,16,75,10,0,,
2006,5856,CRG,15,n,,7/6/2006 0:00,27,Southern Inside,102,102-10,1.230769231,1,16,20,40,0,,
2006,8351,KTN,15,n,,7/27/2006 0:00,30,Southern Inside,101,101-22,5,5,13,0,767,0,,
2006,8363,KTN,15,n,,7/27/2006 0:00,30,Southern Inside,101,101-21,4.307692308,4,14,0,184,0,,
2006,8364,KTN,15,n,,7/27/2006 0:00,30,Southern Inside,101,101-21,3.692307692,4,12,0,339,0,,
2006,8365,KTN,15,n,,7/12/2006 0:00,28,Southern Inside,101,101-21,2.115384615,2.5,11,26,129,0,,
2006,8366,KTN,15,n,,7/13/2006 0:00,28,Southern Inside,101,101-21,2.769230769,3,12,45,92,0,,
2006,8368,KTN,15,n,,7/18/2006 0:00,29,Southern Inside,101,101-21,4,4,13,0,161,0,,
2006,8369,YAK,15,n,,7/18/2006 0:00,29,Southern Inside,102,102-10,2.076923077,3,9,0,250,0,,
2006,8374,KTN,15,n,,7/26/2006 0:00,30,Southern Inside,102,102-10,3.230769231,4,10.5,0,450,0,,
2006,8401,CRG,15,n,,7/5/2006 0:00,27,Southern Inside,101,101-45,3.230769231,3.5,12,15,3,0,,
2006,8402,KTN,15,n,,7/5/2006 0:00,27,Southern Inside,102,102-10,3.230769231,3.5,12,48,49,0,,
2006,8403,KTN,15,n,,7/12/2006 0:00,28,Southern Inside,102,102-10,1.538461538,2,10,59,68,0,,
2006,8403,KTN,15,n,,7/12/2006 0:00,28,Southern Inside,102,102-50,0.769230769,1,10,9,0,0,,
2006,8405,KTN,15,n,,7/13/2006 0:00,28,Southern Inside,102,102-10,6.538461538,5,17,111,112,0,,
2006,8406,KTN,15,n,,7/13/2006 0:00,28,Southern Inside,101,101-21,3,3,13,85,80,0,,
2006,8407,KTN,15,n,,7/19/2006 0:00,29,Southern Inside,101,101-21,4.307692308,4,14,0,446,0,,
2006,8408,KTN,15,n,,7/19/2006 0:00,29,Southern Inside,102,102-10,3.769230769,3.5,14,0,450,0,,
2006,8409,KTN,15,n,,7/12/2006 0:00,28,Southern Inside,102,102-10,2.461538462,2,16,36,10,0,,
2006,8410,KTN,15,n,,7/12/2006 0:00,28,Southern Inside,101,101-21,1.230769231,2,8,3,8,0,,
2006,8413,KTN,15,n,,7/19/2006 0:00,29,Southern Inside,101,101-21,1.230769231,2,8,0,214,0,,
2006,8414,KTN,15,n,,7/5/2006 0:00,27,Southern Inside,101,101-21,4.923076923,4,16,11,21,4,,
2006,8415,CRG,15,n,,7/5/2006 0:00,27,Southern Inside,102,102-10,3.692307692,3,16,123,65,0,,
2006,8417,KTN,15,n,,7/6/2006 0:00,27,Southern Inside,102,102-10,5.769230769,5,15,95,15,0,,
2006,8418,KTN,15,n,,7/7/2006 0:00,27,Southern Inside,102,102-10,2,2,13,45,21,0,,
2006,8419,KTN,15,n,,7/10/2006 0:00,28,Southern Inside,101,101-21,5.384615385,5,14,117,114,0,,
2006,8420,KTN,15,n,,7/10/2006 0:00,28,Southern Inside,101,101-21,4.923076923,4,16,23,148,0,,
2006,8421,KTN,15,n,,7/11/2006 0:00,28,Southern Inside,101,101-21,3.692307692,3,16,85,130,0,,
2006,8423,KTN,15,n,,7/12/2006 0:00,28,Southern Inside,101,101-21,3.692307692,3,16,42,85,0,,
2006,8425,PEL,15,n,,7/22/2006 0:00,29,Southern Inside,101,101-21,2.961538462,3.5,11,0,419,0,,
2006,8427,KTN,15,n,,7/29/2006 0:00,30,Southern Inside,101,101-21,4,4,13,0,146,0,,
2006,8429,KTN,15,n,,7/28/2006 0:00,30,Southern Inside,101,101-25,3.846153846,5,10,0,450,0,,
2006,8431,KTN,15,n,,7/26/2006 0:00,30,Southern Inside,102,102-10,2.153846154,2,14,0,265,0,,
2006,8452,CRG,15,n,,7/11/2006 0:00,28,Southern Inside,102,102-10,2.538461538,3,11,54,42,0,,
2006,8453,KTN,15,n,,7/19/2006 0:00,29,Southern Inside,101,101-21,2.961538462,3.5,11,0,320,0,,
2006,8454,KTN,15,n,,7/25/2006 0:00,30,Southern Inside,101,101-21,3.230769231,3,14,0,185,0,,
2006,8456,KTN,15,n,,7/28/2006 0:00,30,Southern Inside,101,101-21,3.846153846,5,10,0,149,0,,
2007,8,CRG,15,n,,7/4/2007 0:00,27,Southern Inside,102,102-10,1.615384615,1.5,14,75,0,0,,
2007,21,CRG,15,n,,7/9/2007 0:00,28,Southern Inside,101,101-11,1.846153846,3,8,15,84,0,,
2007,27,CRG,15,n,,7/10/2007 0:00,28,Southern Inside,102,102-10,3.076923077,4,10,67,91,4,,
2007,101,CRG,15,n,,7/12/2007 0:00,28,Southern Inside,102,102-10,6.230769231,4.5,18,205,300,2,,
2007,235,CRG,15,n,,7/20/2007 0:00,29,Southern Inside,102,102-60,3.076923077,4,10,64,78,0,,
2007,401,KTN,15,n,,7/3/2007 0:00,27,Southern Inside,102,102-10,1.384615385,2,9,60,18,0,,
2007,402,KTN,15,n,,7/3/2007 0:00,27,Southern Inside,101,101-21,0.923076923,1.5,8,33,30,0,,
2007,403,KTN,5,n,,7/3/2007 0:00,27,Southern Inside,101,101-21,1.538461538,2,10,12,60,0,,
2007,405,KTN,15,n,,7/3/2007 0:00,27,Southern Inside,101,101-21,1.692307692,2,11,49,78,0,,
2007,406,KTN,15,n,,7/19/2007 0:00,29,Southern Inside,101,101-23,3.846153846,5,10,23,390,0,,
2007,407,KTN,15,n,,7/25/2007 0:00,30,Southern Inside,101,101-21,2.769230769,3,12,0,375,0,,
2007,413,KTN,15,n,,7/3/2007 0:00,27,Southern Inside,102,102-20,1.538461538,2,10,45,9,0,,
2007,414,KTN,15,n,,7/3/2007 0:00,27,Southern Inside,101,101-21,2.307692308,2,15,63,90,0,,
2007,415,KTN,15,n,,7/5/2007 0:00,27,Southern Inside,102,102-10,3.692307692,4,12,109,90,0,,
2007,416,KTN,15,n,,7/6/2007 0:00,27,Southern Inside,102,102-10,3.846153846,5,10,241,133,0,,
2007,417,KTN,15,n,,7/6/2007 0:00,27,Southern Inside,101,101-21,1.769230769,2,11.5,21,40,0,,
2007,418,KTN,15,n,,7/6/2007 0:00,27,Southern Inside,102,102-10,4.615384615,4,15,70,20,0,,
2007,419,KTN,5,n,,7/9/2007 0:00,28,Southern Inside,101,101-29,2,2,13,10,33,0,,
2007,420,KTN,15,n,,7/9/2007 0:00,28,Southern Inside,102,102-10,3.769230769,3.5,14,148,50,0,,
2007,421,KTN,15,n,,7/10/2007 0:00,28,Southern Inside,102,102-30,3.461538462,3,15,118,60,0,,
2007,422,KTN,15,n,,7/13/2007 0:00,28,Southern Inside,101,101-21,4.307692308,4,14,55,312,0,,
2007,423,HNH,15,n,,7/11/2007 0:00,28,Southern Inside,102,102-10,3.461538462,5,9,52,36,0,,
2007,424,KTN,15,n,,7/28/2007 0:00,30,Southern Inside,101,101-21,4.615384615,5,12,0,580,0,,
2007,425,KTN,15,n,,7/16/2007 0:00,29,Southern Inside,102,102-10,6,6,13,71,412,0,,
2007,426,KTN,15,n,,7/13/2007 0:00,28,Southern Inside,101,101-21,2.461538462,2,16,25,100,0,,
2007,426,KTN,15,n,,7/13/2007 0:00,28,Southern Inside,102,102-10,1.846153846,3,8,25,100,0,,
2007,427,KTN,15,n,,7/16/2007 0:00,29,Southern Inside,101,101-23,4.615384615,4,15,34,233,0,,
2007,428,KTN,15,n,,7/17/2007 0:00,29,Southern Inside,101,101-21,2.153846154,2,14,25,200,0,,
2007,428,KTN,15,n,,7/17/2007 0:00,29,Southern Inside,102,102-10,3.230769231,3,14,60,200,0,,
2007,429,KTN,15,n,,7/17/2007 0:00,29,Southern Inside,102,102-10,5.384615385,5,14,51,251,0,,
2007,430,KTN,15,n,,7/16/2007 0:00,29,Southern Inside,102,102-10,5.192307692,4.5,15,152,268,0,,
2007,431,KTN,15,n,,7/17/2007 0:00,29,Southern Inside,102,102-30,4.615384615,4,15,28,40,0,,
2007,432,KTN,15,n,,7/17/2007 0:00,29,Southern Inside,102,102-10,5.769230769,5,15,149,24,0,,
2007,433,KTN,15,n,,7/18/2007 0:00,29,Southern Inside,101,101-23,6.153846154,5,16,51,438,0,,
2007,434,KTN,15,n,,7/18/2007 0:00,29,Southern Inside,102,102-10,4.615384615,5,12,56,266,0,,
2007,435,KTN,5,n,,7/19/2007 0:00,29,Southern Inside,101,101-27,0.769230769,1,10,1,7,0,,
2007,435,KTN,5,n,,7/19/2007 0:00,29,Southern Inside,102,102-20,0.769230769,1,10,0,7,0,,
2007,436,KTN,15,n,,7/19/2007 0:00,29,Southern Inside,101,101-21,3.692307692,4,12,19,452,3,,
2007,437,KTN,15,n,,7/19/2007 0:00,29,Southern Inside,101,101-21,4.615384615,5,12,19,136,0,,
2007,438,KTN,15,n,,7/25/2007 0:00,30,Southern Inside,101,101-21,2.307692308,3,10,0,98,0,,
2007,439,KTN,15,n,,7/25/2007 0:00,30,Southern Inside,101,101-21,1.076923077,1,14,0,140,0,,
2007,442,KTN,15,n,,7/27/2007 0:00,30,Southern Inside,101,101-21,5.384615385,5,14,0,1030,0,,
2007,443,KTN,15,n,,7/28/2007 0:00,30,Southern Inside,101,101-21,4.5,4.5,13,0,804,0,,
2007,444,KTN,15,n,,7/28/2007 0:00,30,Southern Inside,101,101-21,4.307692308,4,14,0,543,0,,
2007,445,KTN,15,n,,7/28/2007 0:00,30,Southern Inside,101,101-21,4.230769231,5,11,0,533,0,,
2007,446,KTN,15,n,,7/28/2007 0:00,30,Southern Inside,101,101-21,3.230769231,3,14,0,350,0,,
2007,451,KTN,15,n,,7/9/2007 0:00,28,Southern Inside,101,101-23,1.846153846,1.5,16,4,88,0,,
2007,452,KTN,15,n,,7/9/2007 0:00,28,Southern Inside,102,102-60,2.769230769,3,12,57,81,0,,
2007,453,KTN,15,n,,7/9/2007 0:00,28,Southern Inside,102,102-10,3,3,13,105,75,0,,
2007,454,KTN,15,n,,7/9/2007 0:00,28,Southern Inside,102,102-10,4.923076923,4,16,50,0,0,,
2007,455,KTN,15,n,,7/9/2007 0:00,28,Southern Inside,101,101-23,3.230769231,3,14,24,325,0,,
2007,456,KTN,15,n,,7/10/2007 0:00,28,Southern Inside,102,102-20,4.307692308,3.5,16,135,96,0,,
2007,457,KTN,15,n,,7/10/2007 0:00,28,Southern Inside,102,102-10,0.538461538,0.5,14,25,7,0,,
2007,458,HNH,15,n,,7/11/2007 0:00,28,Southern Inside,102,102-10,3.692307692,3,16,68,24,0,,
2007,459,KTN,15,n,,7/12/2007 0:00,28,Southern Inside,102,102-10,3.076923077,5,8,80,300,0,,
2007,460,KTN,15,n,,7/17/2007 0:00,29,Southern Inside,102,102-50,3.384615385,4,11,62,92,0,,
2007,461,KTN,15,n,,7/14/2007 0:00,28,Southern Inside,101,101-23,0.615384615,1,8,6,13,0,,
2007,461,KTN,15,n,,7/14/2007 0:00,28,Southern Inside,102,102-10,1.230769231,2,8,13,27,0,,
2007,462,KTN,15,n,,7/14/2007 0:00,28,Southern Inside,101,101-22,4.307692308,4,14,13,231,0,,
2007,468,KTN,15,n,,7/14/2007 0:00,28,Southern Inside,101,101-23,3.230769231,3,14,39,112,0,,
2007,545,KTN,15,n,,7/20/2007 0:00,29,Southern Inside,101,101-21,4,4,13,9,153,0,,
2008,1858,KTN,15,n,,7/11/2008 0:00,28,Southern Inside,101,101-29,1.846153846,2,12,0,122,0,,
2008,1859,KTN,5,n,,7/11/2008 0:00,28,Southern Inside,101,101-29,1.846153846,2,12,0,12,0,,
2008,1860,KTN,15,n,,7/3/2008 0:00,27,Southern Inside,101,101-45,4.615384615,3,20,41,12,2,,
2008,1861,KTN,15,n,,7/15/2008 0:00,29,Southern Inside,101,101-21,3.692307692,4,12,0,165,0,,
2008,1862,KTN,5,n,,7/15/2008 0:00,29,Southern Inside,101,101-29,3.230769231,3,14,0,105,0,,
2008,1863,KTN,15,n,,7/18/2008 0:00,29,Southern Inside,101,101-21,4.307692308,4,14,0,260,0,,
2008,1864,KTN,15,n,,7/24/2008 0:00,30,Southern Inside,101,101-21,4.307692308,4,14,0,378,0,,
2008,1865,KTN,15,n,,7/24/2008 0:00,30,Southern Inside,101,101-21,5.384615385,5,14,0,62,0,,
2008,1866,KTN,15,n,,7/25/2008 0:00,30,Southern Inside,101,101-21,5.538461538,6,12,0,208,0,,
2008,1867,KTN,15,n,,7/3/2008 0:00,27,Southern Inside,101,101-21,2.153846154,2,14,4,34,0,,
2008,1867,KTN,15,n,,7/3/2008 0:00,27,Southern Inside,101,101-29,1.076923077,1,14,6,0,0,,
2008,1892,KTN,15,n,,7/5/2008 0:00,27,Southern Inside,102,102-30,2.769230769,3,12,8,20,0,,
2008,1893,KTN,15,n,,7/5/2008 0:00,27,Southern Inside,101,101-21,1.846153846,3,8,1,15,0,,
2008,1894,KTN,15,n,,7/5/2008 0:00,27,Southern Inside,101,101-45,2.076923077,3,9,5,10,0,,
2008,1897,KTN,5,n,,7/25/2008 0:00,30,Southern Inside,101,101-29,1.846153846,2,12,0,23,0,,
2008,2401,KTN,15,n,,7/2/2008 0:00,27,Southern Inside,101,101-23,0.615384615,1,8,2,17,1,,
2008,2401,KTN,15,n,,7/2/2008 0:00,27,Southern Inside,101,101-45,0.307692308,1,4,4,3,1,,
2008,2403,KTN,15,n,,7/24/2008 0:00,30,Southern Inside,101,101-21,2.769230769,3,12,0,166,0,,
2008,2411,KTN,5,n,,7/3/2008 0:00,27,Southern Inside,101,101-29,1.384615385,1,18,0,16,0,,
2008,2411,KTN,5,n,,7/3/2008 0:00,27,Southern Inside,101,101-45,1.384615385,1,18,11,0,0,,
2008,2412,KTN,15,n,,7/3/2008 0:00,27,Southern Inside,101,101-29,2.769230769,3,12,11,26,0,,
2008,2413,KTN,15,n,,7/5/2008 0:00,27,Southern Inside,101,101-23,3.692307692,4,12,6,40,0,,
2008,2414,KTN,15,n,,7/5/2008 0:00,27,Southern Inside,101,101-21,4.615384615,4,15,30,176,0,,
2008,2416,KTN,15,n,,7/5/2008 0:00,27,Southern Inside,102,102-50,6.153846154,4,20,48,31,0,,
2008,2417,KTN,15,n,,7/12/2008 0:00,28,Southern Inside,101,101-29,6.153846154,5,16,0,80,0,,
2008,2418,KTN,5,n,,7/22/2008 0:00,30,Southern Inside,101,101-29,2.307692308,3,10,0,32,0,,
2008,2419,KTN,15,n,,7/25/2008 0:00,30,Southern Inside,101,101-21,4.307692308,4,14,0,220,0,,
2008,2420,KTN,15,n,,7/25/2008 0:00,30,Southern Inside,101,101-21,1.538461538,2,10,0,92,0,,
2008,2428,KTN,15,n,,7/25/2008 0:00,30,Southern Inside,101,101-21,3.076923077,4,10,0,190,0,,
2008,2429,KTN,15,n,,7/5/2008 0:00,27,Southern Inside,101,101-29,1.076923077,1,14,5,26,0,,
2008,2431,KTN,15,n,,7/18/2008 0:00,29,Southern Inside,101,101-23,5,5,13,0,201,0,,
2008,2432,KTN,5,n,,7/21/2008 0:00,30,Southern Inside,102,102-20,3.461538462,3,15,0,63,0,,
2008,2433,KTN,5,n,,7/21/2008 0:00,30,Southern Inside,101,101-29,2,2,13,0,16,0,,
2008,2437,KTN,15,n,,7/4/2008 0:00,27,Southern Inside,101,101-45,3,3,13,67,12,0,,
2008,2438,KTN,15,n,,7/4/2008 0:00,27,Southern Inside,101,101-21,2.769230769,3,12,8,60,0,,
2008,2441,KTN,15,n,,7/5/2008 0:00,27,Southern Inside,101,101-45,2.769230769,3,12,29,9,0,,
2008,2442,KTN,15,n,,7/5/2008 0:00,27,Southern Inside,101,101-45,3.461538462,2.5,18,49,9,0,,
2008,2442,KTN,15,n,,7/5/2008 0:00,27,Southern Inside,102,102-10,3.461538462,2.5,18,30,19,0,,
2008,2446,KTN,15,n,,7/11/2008 0:00,28,Southern Inside,101,101-29,4.615384615,4,15,0,65,0,,
2008,2447,KTN,15,n,,7/22/2008 0:00,30,Southern Inside,101,101-23,3.384615385,4,11,0,58,0,,
2008,2448,KTN,5,n,,7/25/2008 0:00,30,Southern Inside,102,102-20,2.769230769,2,18,0,75,0,,
2008,2449,KTN,15,n,,7/24/2008 0:00,30,Southern Inside,101,101-22,1,1,13,0,14,0,,
2008,2449,KTN,15,n,,7/24/2008 0:00,30,Southern Inside,102,102-20,1,1,13,0,9,0,,
2008,2450,KTN,15,n,,7/24/2008 0:00,30,Southern Inside,101,101-21,4.615384615,5,12,0,297,0,,
2009,1877,KTN,15,n,,7/24/2009 0:00,30,Southern Inside,102,102-10,3.230769231,3,14,0,193,0,,
2009,2042,CRG,5,n,,7/8/2009 0:00,28,Southern Inside,102,102-70,1.730769231,1.5,15,2,22,0,,
2009,2221,CRG,15,n,,7/10/2009 0:00,28,Southern Inside,102,102-30,6.153846154,5,16,52,184,0,,
2009,2236,CRG,5,n,,7/11/2009 0:00,28,Southern Inside,102,102-70,0.615384615,1,8,1,9,1,,
2009,2292,CRG,15,n,,7/23/2009 0:00,30,Southern Inside,102,102-10,4,4,13,0,488,0,,
2009,2300,CRG,5,n,,7/24/2009 0:00,30,Southern Inside,102,102-70,1.230769231,2,8,0,40,0,,
2009,2464,KTN,15,n,,7/9/2009 0:00,28,Southern Inside,102,102-10,3.076923077,4,10,8,98,0,,
2009,2510,KTN,5,n,,7/10/2009 0:00,28,Southern Inside,101,101-29,1.538461538,2,10,12,60,0,,
2009,2533,KTN,15,n,,7/16/2009 0:00,29,Southern Inside,101,101-45,2.692307692,5,7,0,102,0,,
2009,2544,KTN,15,n,,7/6/2009 0:00,28,Southern Inside,101,101-23,5.384615385,5,14,10,250,0,,
2009,2545,KTN,15,n,,7/24/2009 0:00,30,Southern Inside,101,101-23,2.769230769,3,12,0,180,0,,
2009,2545,KTN,15,n,,7/24/2009 0:00,30,Southern Inside,101,101-41,2.769230769,3,12,0,180,0,,
2009,2547,KTN,15,n,,7/6/2009 0:00,28,Southern Inside,102,102-10,3.384615385,4,11,17,45,0,,
2009,2548,KTN,15,n,,7/6/2009 0:00,28,Southern Inside,101,101-45,1.384615385,2,9,4,3,0,,
2009,2549,KTN,15,n,,7/7/2009 0:00,28,Southern Inside,101,101-25,2.153846154,2,14,20,68,0,,
2009,2550,KTN,15,n,,7/7/2009 0:00,28,Southern Inside,101,101-25,0.846153846,1,11,4,28,0,,
2009,2550,KTN,15,n,,7/7/2009 0:00,28,Southern Inside,102,102-20,3.384615385,4,11,11,219,4,,
2009,4751,KTN,5,n,,7/3/2009 0:00,27,Southern Inside,101,101-21,1.384615385,2,9,4,67,0,,
2009,4772,KTN,5,n,,7/4/2009 0:00,27,Southern Inside,101,101-29,1.846153846,3,8,10,0,0,,
2009,4773,KTN,15,n,,7/6/2009 0:00,28,Southern Inside,101,101-21,2.461538462,4,8,19,87,0,,
2009,4774,KTN,15,n,,7/6/2009 0:00,28,Southern Inside,102,102-10,4.923076923,4,16,34,112,2,,
2009,4775,KTN,15,n,,7/6/2009 0:00,28,Southern Inside,102,102-10,6.153846154,5,16,68,108,0,,
2009,4776,KTN,15,n,,7/7/2009 0:00,28,Southern Inside,102,102-10,0.307692308,1,4,7,28,0,,
2009,4777,KTN,5,n,,7/9/2009 0:00,28,Southern Inside,101,101-45,0.953846154,2,6.2,36,1,0,,
2009,4793,CRG,15,n,,7/11/2009 0:00,28,Southern Inside,102,102-10,0.923076923,1,12,2,88,0,,
2009,4807,KTN,15,n,,7/24/2009 0:00,30,Southern Inside,101,101-23,5.538461538,6,12,0,725,0,,
2009,4809,KTN,15,n,,7/11/2009 0:00,28,Southern Inside,102,102-10,2.538461538,3,11,30,200,0,,
2009,4810,KTN,15,n,,7/14/2009 0:00,29,Southern Inside,102,102-10,2.307692308,3,10,0,432,4,,
2009,4834,KTN,5,n,,7/20/2009 0:00,30,Southern Inside,101,101-29,1.538461538,2,10,0,23,1,,
2010,2455,KTN,15,n,,7/3/2010 0:00,27,Southern Inside,101,101-29,2.769230769,2,18,3,26,2,,
2010,2490,KTN,15,n,,7/16/2010 0:00,29,Southern Inside,101,101-21,2,2,13,0,65,0,,
2010,2491,KTN,15,n,,7/19/2010 0:00,30,Southern Inside,101,101-21,5.384615385,5,14,0,451,0,,
2010,2515,KTN,5,n,,7/3/2010 0:00,27,Southern Inside,101,101-40,0.461538462,2,3,17,0,0,,
2010,2516,KTN,5,n,,7/3/2010 0:00,27,Southern Inside,101,101-40,0.115384615,0.3,5,14,0,0,,
2010,2516,KTN,5,n,,7/3/2010 0:00,27,Southern Inside,102,102-20,2.461538462,2,16,13,40,0,,
2010,4212,KTN,15,n,,7/19/2010 0:00,30,Southern Inside,101,101-21,3.692307692,4,12,0,335,0,,
2010,4239,CRG,15,n,,7/5/2010 0:00,28,Southern Inside,102,102-10,3.076923077,4,10,63,100,0,,
2010,5834,KTN,15,n,,7/24/2010 0:00,30,Southern Inside,101,101-25,3.384615385,4,11,0,39,0,,
2010,5837,KTN,15,n,,7/13/2010 0:00,29,Southern Inside,101,101-23,3.692307692,4,12,0,58,0,,
2010,5839,KTN,15,n,,7/15/2010 0:00,29,Southern Inside,102,102-40,2.461538462,4,8,0,123,0,,
2010,5863,KTN,15,n,,7/23/2010 0:00,30,Southern Inside,101,101-21,4.615384615,5,12,0,359,0,,
2010,5882,KTN,15,n,,7/23/2010 0:00,30,Southern Inside,101,101-29,0.769230769,1,10,0,14,0,,
2010,5882,KTN,15,n,,7/23/2010 0:00,30,Southern Inside,102,102-60,0.769230769,1,10,0,8,0,,
2010,5882,KTN,15,n,,7/23/2010 0:00,30,Southern Inside,102,102-80,0.769230769,1,10,0,15,0,,
2010,5888,KTN,15,n,,7/5/2010 0:00,28,Southern Inside,102,102-10,2.307692308,2,15,5,0,0,,
2010,5889,KTN,15,n,,7/7/2010 0:00,28,Southern Inside,102,102-10,4.307692308,4,14,45,75,0,,
2010,5890,KTN,5,n,,7/7/2010 0:00,28,Southern Inside,102,102-80,1.153846154,3,5,0,27,0,,
2010,5891,KTN,15,n,,7/8/2010 0:00,28,Southern Inside,101,101-21,4.307692308,4,14,61,0,0,,
2010,5891,KTN,15,n,,7/8/2010 0:00,28,Southern Inside,101,101-23,1.153846154,1.5,10,0,0,0,,
2010,6118,CRG,15,n,,7/4/2010 0:00,28,Southern Inside,102,102-10,1.538461538,2,10,18,53,0,,
2010,6576,KTN,5,n,,7/4/2010 0:00,28,Southern Inside,102,102-10,3.75,2.5,19.5,48,90,0,,
2010,6577,KTN,15,n,,7/4/2010 0:00,28,Southern Inside,101,101-27,2.769230769,3,12,21,40,0,,
2010,6578,KTN,15,n,,7/5/2010 0:00,28,Southern Inside,101,101-29,5.538461538,4,18,21,69,0,,
2010,6580,KTN,15,n,,7/5/2010 0:00,28,Southern Inside,102,102-10,5.538461538,4.5,16,53,156,0,,
2010,6581,KTN,15,n,,7/6/2010 0:00,28,Southern Inside,102,102-10,6.153846154,5,16,87,135,0,,
2010,6582,KTN,5,n,,7/6/2010 0:00,28,Southern Inside,101,101-40,0.384615385,1,5,4,1,0,,
2010,6583,KTN,15,n,,7/9/2010 0:00,28,Southern Inside,101,101-29,0.615384615,1,8,3,5,0,,
2010,6585,KTN,15,n,,7/9/2010 0:00,28,Southern Inside,101,101-29,1.846153846,2,12,3,24,0,,
2010,6586,KTN,5,n,,7/16/2010 0:00,29,Southern Inside,102,102-80,0.769230769,2,5,0,15,2,,
2010,6587,KTN,15,n,,7/17/2010 0:00,29,Southern Inside,102,102-10,4.615384615,4,15,0,491,0,,
2010,6589,KTN,15,n,,7/21/2010 0:00,30,Southern Inside,102,102-10,3.692307692,4,12,0,51,0,,
2010,6601,KTN,15,n,,7/5/2010 0:00,28,Southern Inside,101,101-53,4.153846154,3,18,6,57,0,,
2010,6602,KTN,15,n,,7/5/2010 0:00,28,Southern Inside,101,101-25,3.461538462,3,15,14,16,0,,
2010,6604,KTN,5,n,,7/6/2010 0:00,28,Southern Inside,101,101-29,0.692307692,1,9,1,7,0,,
2010,6605,KTN,15,n,,7/7/2010 0:00,28,Southern Inside,101,101-29,1.846153846,2,12,17,59,0,,
2010,6606,KTN,15,n,,7/9/2010 0:00,28,Southern Inside,102,102-10,1.846153846,2,12,32,58,0,,
2010,6607,KTN,15,n,,7/9/2010 0:00,28,Southern Inside,101,101-29,2.307692308,3,10,0,26,0,,
2010,6608,KTN,15,n,,7/12/2010 0:00,29,Southern Inside,101,101-23,1.846153846,2,12,0,107,0,,
2010,6609,KTN,15,n,,7/12/2010 0:00,29,Southern Inside,102,102-10,2.769230769,3,12,0,69,0,,
2010,6610,KTN,15,n,,7/5/2010 0:00,28,Southern Inside,101,101-23,0.923076923,1,12,0,6,0,,
2010,6610,KTN,15,n,,7/5/2010 0:00,28,Southern Inside,101,101-29,1.846153846,2,12,8,23,0,,
2010,6614,KTN,15,n,,7/23/2010 0:00,30,Southern Inside,101,101-21,2.307692308,2.5,12,0,194,0,,
2010,6615,KTN,15,n,,7/9/2010 0:00,28,Southern Inside,102,102-10,4.615384615,5,12,21,42,0,,
2010,6623,KTN,15,n,,7/7/2010 0:00,28,Southern Inside,102,102-10,5.384615385,5,14,57,49,0,,
2010,6625,KTN,15,n,,7/20/2010 0:00,30,Southern Inside,101,101-21,1.846153846,2,12,0,152,1,,
2010,6625,KTN,15,n,,7/20/2010 0:00,30,Southern Inside,101,101-23,1.846153846,2,12,0,50,0,,
2010,6626,KTN,15,n,,7/24/2010 0:00,30,Southern Inside,101,101-21,2.307692308,3,10,0,32,0,,
2010,6654,KTN,5,n,,7/8/2010 0:00,28,Southern Inside,102,102-10,2.153846154,2,14,20,56,0,,
2011,2495,KTN,15,n,,7/22/2011 0:00,30,Southern Inside,102,102-10,1.230769231,1,16,0,189,0,,
2011,2497,KTN,5,n,,7/13/2011 0:00,29,Southern Inside,101,101-29,0.769230769,1,10,6,10,0,,
2011,2498,KTN,5,n,,7/13/2011 0:00,29,Southern Inside,101,101-29,1.230769231,1,16,2,11,0,,
2011,2499,KTN,5,n,,7/13/2011 0:00,29,Southern Inside,101,101-29,0.615384615,1,8,3,9,0,,
2011,4205,KTN,15,n,,7/3/2011 0:00,28,Southern Inside,102,102-10,0.615384615,1,8,11,9,0,,
2011,4827,KTN,15,n,,7/3/2011 0:00,28,Southern Inside,101,101-29,2.769230769,2,18,24,24,0,,
2011,5580,KTN,15,n,,7/11/2011 0:00,29,Southern Inside,102,102-10,0.615384615,1,8,18,18,0,,
2011,5848,KTN,5,n,,7/12/2011 0:00,29,Southern Inside,101,101-29,1.538461538,2,10,6,15,0,,
2011,5881,KTN,15,n,,7/11/2011 0:00,29,Southern Inside,102,102-10,2,2,13,33,29,0,,
2011,6618,KTN,15,n,,7/10/2011 0:00,29,Southern Inside,102,102-10,3.230769231,3,14,83,0,0,,
2011,6619,KTN,5,n,,7/11/2011 0:00,29,Southern Inside,101,101-29,0.923076923,2,6,5,0,0,,
2011,6620,KTN,15,n,,7/23/2011 0:00,30,Southern Inside,102,102-10,1.846153846,2,12,0,268,0,,
2011,6621,KTN,15,n,,7/5/2011 0:00,28,Southern Inside,101,101-25,1.076923077,1,14,7,29,0,,
2011,6622,KTN,15,n,,7/6/2011 0:00,28,Southern Inside,102,102-50,3.230769231,3,14,36,12,0,,
2011,6637,KTN,5,n,,7/8/2011 0:00,28,Southern Inside,102,102-10,4.153846154,3,18,18,93,0,,
2011,6638,KTN,15,n,,7/8/2011 0:00,28,Southern Inside,102,102-10,2.461538462,2,16,45,128,0,,
2011,6639,KTN,5,n,,7/8/2011 0:00,28,Southern Inside,101,101-45,0.307692308,2,2,8,0,0,,
2011,6640,KTN,15,n,,7/7/2011 0:00,28,Southern Inside,101,101-41,1.076923077,2,7,16,10,0,,
2011,6641,KTN,5,n,,7/7/2011 0:00,28,Southern Inside,101,101-45,0.615384615,1,8,7,2,0,,
2011,6642,KTN,15,n,,7/5/2011 0:00,28,Southern Inside,102,102-10,1.076923077,1,14,19,5,0,,
2011,6643,KTN,5,n,,7/5/2011 0:00,28,Southern Inside,101,101-29,0.692307692,1,9,1,3,0,,
2011,6644,KTN,5,n,,7/5/2011 0:00,28,Southern Inside,101,101-29,0.615384615,1,8,4,7,0,,
2011,6645,KTN,15,n,,7/8/2011 0:00,28,Southern Inside,102,102-10,2.461538462,2,16,114,138,0,,
2011,6646,KTN,5,n,,7/8/2011 0:00,28,Southern Inside,101,101-29,1.846153846,2,12,17,54,0,,
2011,6647,KTN,15,n,,7/11/2011 0:00,29,Southern Inside,101,101-29,1.076923077,1,14,5,5,0,,
2011,6647,KTN,15,n,,7/11/2011 0:00,29,Southern Inside,102,102-10,6.461538462,6,14,34,76,0,,
2011,6648,KTN,5,n,,7/11/2011 0:00,29,Southern Inside,102,102-10,3.230769231,3,14,5,135,0,,
2011,6649,KTN,5,n,,7/11/2011 0:00,29,Southern Inside,101,101-29,0.923076923,1,12,2,26,0,,
2011,6680,KTN,15,n,,7/12/2011 0:00,29,Southern Inside,101,101-29,1.846153846,2,12,8,25,0,,
2011,6680,KTN,15,n,,7/12/2011 0:00,29,Southern Inside,102,102-30,3.692307692,4,12,17,58,0,,
2011,6681,KTN,15,n,,7/12/2011 0:00,29,Southern Inside,102,102-10,3.230769231,3,14,129,399,0,,
2011,6683,KTN,15,n,,7/11/2011 0:00,29,Southern Inside,102,102-10,7.846153846,6,17,84,252,13,,
2011,6685,KTN,15,n,,7/23/2011 0:00,30,Southern Inside,102,102-80,0.461538462,0.5,12,0,28,0,,
2011,7916,KTN,15,n,,7/22/2011 0:00,30,Southern Inside,102,102-10,5.384615385,5,14,0,870,0,,
2011,7917,KTN,15,n,,7/22/2011 0:00,30,Southern Inside,102,102-20,0.769230769,1,10,0,74,0,,
2011,7943,KTN,15,n,,7/13/2011 0:00,29,Southern Inside,102,102-10,5.384615385,5,14,162,150,0,,
2011,7944,KTN,5,n,,7/12/2011 0:00,29,Southern Inside,101,101-45,2.307692308,3,10,28,0,0,,
2011,8651,CRG,5,n,,7/14/2011 0:00,29,Southern Inside,102,102-70,0.769230769,1,10,0,10,0,,
2011,8952,KTN,15,n,,7/20/2011 0:00,30,Southern Inside,101,101-25,0.923076923,1,12,0,94,0,,
2011,8969,KTN,15,n,,7/5/2011 0:00,28,Southern Inside,102,102-10,0.769230769,1,10,30,41,0,,
2011,8970,KTN,5,n,,7/7/2011 0:00,28,Southern Inside,101,101-45,1.846153846,2,12,7,0,0,,
2011,8971,KTN,5,n,,7/8/2011 0:00,28,Southern Inside,101,101-29,1.846153846,2,12,9,28,0,,
2011,8975,KTN,5,n,,7/4/2011 0:00,28,Southern Inside,101,101-29,1.538461538,2,10,8,14,0,,
2011,8976,KTN,15,n,,7/7/2011 0:00,28,Southern Inside,101,101-29,1.538461538,2,10,9,13,0,,
2011,8980,KTN,15,n,,7/13/2011 0:00,29,Southern Inside,101,101-21,4.615384615,5,12,111,285,0,,
2011,9001,KTN,5,n,,7/8/2011 0:00,28,Southern Inside,101,101-46,0.230769231,1,3,12,0,0,,
2011,9002,KTN,5,n,,7/12/2011 0:00,29,Southern Inside,102,102-10,2.769230769,3,12,18,98,2,,
2011,9003,KTN,5,n,,7/12/2011 0:00,29,Southern Inside,101,101-21,3.923076923,3,17,11,105,0,,
2011,9004,KTN,15,n,,7/16/2011 0:00,29,Southern Inside,101,101-23,2.153846154,2,14,0,30,0,,
2011,9012,KTN,15,n,,7/13/2011 0:00,29,Southern Inside,102,102-20,4.307692308,4,14,33,108,0,,
2012,60,CRG,15,n,,7/17/2012 0:00,29,Southern Inside,102,102-10,4.038461538,3.5,15,0,603,0,,
2012,71,CRG,15,n,,7/18/2012 0:00,29,Southern Inside,102,102-10,2.884615385,2.5,15,0,450,3,,
2012,75,CRG,15,n,,7/18/2012 0:00,29,Southern Inside,102,102-10,3.230769231,3,14,0,529,3,,
2012,551,KTN,15,n,,7/10/2012 0:00,28,Southern Inside,102,102-10,1.846153846,2,12,53,144,0,,
2012,552,KTN,15,n,,7/10/2012 0:00,28,Southern Inside,102,102-10,2.615384615,2,17,86,94,0,,
2012,557,KTN,15,n,,7/4/2012 0:00,27,Southern Inside,102,102-10,3.692307692,4,12,13,84,0,,
2012,558,KTN,15,n,,7/4/2012 0:00,27,Southern Inside,101,101-29,4.615384615,4,15,21,50,0,,
2012,560,KTN,15,n,,7/9/2012 0:00,28,Southern Inside,101,101-21,1.846153846,2,12,4,44,0,,
2012,561,KTN,15,n,,7/9/2012 0:00,28,Southern Inside,101,101-41,1.692307692,2,11,22,12,0,,
2012,563,KTN,15,n,,7/10/2012 0:00,28,Southern Inside,101,101-21,0.615384615,1,8,11,36,0,,
2012,565,KTN,5,n,,7/16/2012 0:00,29,Southern Inside,101,101-21,2,2,13,0,112,0,,
2012,567,KTN,15,n,,7/21/2012 0:00,29,Southern Inside,101,101-21,3.692307692,4,12,0,226,0,,
2012,567,KTN,15,n,,7/21/2012 0:00,29,Southern Inside,102,102-10,1.846153846,2,12,0,225,0,,
2012,568,KTN,15,n,,7/21/2012 0:00,29,Southern Inside,101,101-21,5.769230769,5,15,0,506,0,,
2012,573,KTN,15,n,,7/10/2012 0:00,28,Southern Inside,102,102-10,1.846153846,2,12,12,39,0,,
2012,574,KTN,15,n,,7/10/2012 0:00,28,Southern Inside,101,101-21,0.923076923,1,12,19,55,0,,
2012,579,KTN,15,n,,7/23/2012 0:00,30,Southern Inside,101,101-29,2.769230769,3,12,0,65,0,,
2012,586,KTN,15,n,,7/16/2012 0:00,29,Southern Inside,101,101-90,0.692307692,0.75,12,0,2,0,,
2012,588,KTN,15,n,,7/10/2012 0:00,28,Southern Inside,102,102-10,1.076923077,1,14,10,16,0,,
2012,589,KTN,15,n,,7/19/2012 0:00,29,Southern Inside,101,101-29,0.769230769,1,10,0,13,0,,
2012,590,KTN,15,n,,7/24/2012 0:00,30,Southern Inside,101,101-21,3.461538462,3,15,0,249,0,,
2012,591,KTN,5,n,,7/25/2012 0:00,30,Southern Inside,101,101-29,1.846153846,2,12,0,60,0,,
2012,601,KTN,15,n,,7/14/2012 0:00,28,Southern Inside,101,101-21,4.615384615,5,12,0,278,0,,
2012,602,KTN,15,n,,7/16/2012 0:00,29,Southern Inside,102,102-10,4.615384615,4,15,0,353,0,,
2012,603,KTN,15,n,,7/16/2012 0:00,29,Southern Inside,102,102-10,1.692307692,2,11,0,30,0,,
2012,622,KTN,15,n,,7/23/2012 0:00,30,Southern Inside,101,101-21,3.692307692,4,12,0,436,0,,
2012,651,KTN,15,n,,7/12/2012 0:00,28,Southern Inside,101,101-23,2.461538462,2,16,0,106,0,,
2012,652,KTN,5,n,,7/21/2012 0:00,29,Southern Inside,101,101-29,1.076923077,1,14,0,18,0,,
2012,653,KTN,5,n,,7/21/2012 0:00,29,Southern Inside,101,101-29,3.692307692,3,16,0,66,0,,
2012,655,KTN,15,n,,7/24/2012 0:00,30,Southern Inside,101,101-95,0.769230769,1,10,0,1,38,,
2012,657,KTN,15,n,,7/26/2012 0:00,30,Southern Inside,101,101-21,6.153846154,5,16,0,563,0,,
2012,660,KTN,15,n,,7/26/2012 0:00,30,Southern Inside,101,101-21,3,3,13,0,265,0,,
2012,660,KTN,15,n,,7/26/2012 0:00,30,Southern Inside,102,102-10,2,2,13,0,200,0,,
2012,661,KTN,15,n,,7/10/2012 0:00,28,Southern Inside,102,102-10,4.307692308,4,14,113,245,0,,
2012,2518,KTN,15,n,,7/6/2012 0:00,27,Southern Inside,102,102-10,6.461538462,6,14,48,216,0,,
2012,2519,KTN,15,n,,7/10/2012 0:00,28,Southern Inside,102,102-10,1.076923077,1,14,17,73,0,,
2012,6662,KTN,5,n,,7/5/2012 0:00,27,Southern Inside,101,101-45,1.230769231,2,8,11,0,0,,
2012,7949,KTN,15,n,,7/9/2012 0:00,28,Southern Inside,101,101-21,0.923076923,1,12,1,18,0,,
2012,8665,KTN,5,n,,7/3/2012 0:00,27,Southern Inside,101,101-40,1.846153846,3,8,8,0,0,,
2012,8986,KTN,15,n,,7/3/2012 0:00,27,Southern Inside,101,101-29,1.615384615,3,7,4,34,0,,
2012,8988,KTN,15,n,,7/9/2012 0:00,28,Southern Inside,102,102-10,0.384615385,0.5,10,23,30,0,,
2012,8989,KTN,15,n,,7/9/2012 0:00,28,Southern Inside,102,102-10,0.538461538,0.5,14,6,41,0,,
2012,8990,KTN,15,n,,7/9/2012 0:00,28,Southern Inside,101,101-29,3.076923077,4,10,11,79,0,,
2012,8991,KTN,15,n,,7/18/2012 0:00,29,Southern Inside,102,102-10,5.384615385,5,14,0,199,0,,
2012,8997,KTN,15,n,,7/9/2012 0:00,28,Southern Inside,101,101-27,0.230769231,0.25,12,0,6,0,,
2013,392,CRG,15,n,,7/13/2013 0:00,28,Southern Inside,102,102-10,2.307692308,2,15,0,1005,0,,
2013,690,KTN,15,n,,7/23/2013 0:00,30,Southern Inside,101,101-21,3.230769231,3,14,0,994,0,,
2013,691,KTN,15,n,,7/23/2013 0:00,30,Southern Inside,101,101-21,4.846153846,4.5,14,0,1041,0,,
2013,1325,KTN,15,n,,7/15/2013 0:00,29,Southern Inside,101,101-21,6,6,13,0,858,0,,
2013,1326,KTN,5,n,,7/6/2013 0:00,27,Southern Inside,101,101-40,0.692307692,0.75,12,17,1,0,,
2013,1345,KTN,5,n,,7/3/2013 0:00,27,Southern Inside,101,101-45,0.461538462,0.5,12,3,6,0,,
2013,1347,KTN,15,n,,7/3/2013 0:00,27,Southern Inside,101,101-29,1.846153846,2,12,4,34,0,,
2013,1348,KTN,5,n,,7/3/2013 0:00,27,Southern Inside,101,101-29,0.923076923,1,12,13,29,0,,
2013,1349,KTN,5,n,,7/3/2013 0:00,27,Southern Inside,102,102-40,2.769230769,3,12,17,97,0,,
2013,1350,KTN,5,n,,7/3/2013 0:00,27,Southern Inside,101,101-29,2.769230769,3,12,10,23,0,,
2013,1351,KTN,15,n,,7/18/2013 0:00,29,Southern Inside,101,101-41,4.846153846,4.2,15,0,518,0,,
2013,1367,KTN,5,n,,7/3/2013 0:00,27,Southern Inside,101,101-45,1.846153846,2,12,16,0,0,,
2013,1368,KTN,5,n,,7/3/2013 0:00,27,Southern Inside,101,101-45,0.461538462,0.5,12,12,0,0,,
2013,1369,KTN,15,n,,7/4/2013 0:00,27,Southern Inside,101,101-23,3.692307692,4,12,25,268,0,,
2013,1371,KTN,5,n,,7/5/2013 0:00,27,Southern Inside,101,101-29,1.538461538,2,10,0,61,0,,
2013,1372,KTN,5,n,,7/4/2013 0:00,27,Southern Inside,101,101-45,1.076923077,1,14,1,5,0,,
2013,1373,KTN,15,n,,7/4/2013 0:00,27,Southern Inside,102,102-10,2.153846154,2,14,16,114,3,,
2013,1374,KTN,5,n,,7/4/2013 0:00,27,Southern Inside,102,102-10,3.923076923,3,17,51,126,0,,
2013,1375,KTN,15,n,,7/4/2013 0:00,27,Southern Inside,101,101-29,0.692307692,0.75,12,1,15,0,,
2013,1375,KTN,15,n,,7/4/2013 0:00,27,Southern Inside,102,102-10,0.769230769,1,10,3,23,0,,
2013,1376,KTN,15,n,,7/5/2013 0:00,27,Southern Inside,102,102-10,1.153846154,1,15,0,0,0,,
2013,1379,KTN,5,n,,7/6/2013 0:00,27,Southern Inside,101,101-40,0.923076923,1,12,30,4,0,,
2013,1381,KTN,5,n,,7/6/2013 0:00,27,Southern Inside,101,101-25,1.384615385,1.5,12,3,30,0,,
2013,1382,KTN,5,n,,7/6/2013 0:00,27,Southern Inside,101,101-21,0.461538462,0.5,12,9,62,0,,
2013,1382,KTN,5,n,,7/6/2013 0:00,27,Southern Inside,102,102-10,2.307692308,3,10,21,63,0,,
2013,1383,KTN,15,n,,7/6/2013 0:00,27,Southern Inside,102,102-10,6.461538462,6,14,202,297,0,,
2013,1384,KTN,5,n,,7/6/2013 0:00,27,Southern Inside,101,101-29,0.692307692,0.75,12,0,7,0,,
2013,1385,KTN,5,n,,7/6/2013 0:00,27,Southern Inside,101,101-40,1.384615385,1.5,12,20,13,0,,
2013,1386,KTN,5,n,,7/11/2013 0:00,28,Southern Inside,101,101-29,1.846153846,2,12,0,55,0,,
2013,1387,KTN,15,n,,7/16/2013 0:00,29,Southern Inside,101,101-21,1.384615385,1.5,12,0,280,0,,
2013,1389,KTN,15,n,,7/6/2013 0:00,27,Southern Inside,101,101-25,0.230769231,0.25,12,2,5,0,,
2013,1390,KTN,5,n,,7/9/2013 0:00,28,Southern Inside,101,101-23,0.692307692,0.75,12,0,81,0,,
2013,1391,KTN,5,n,,7/10/2013 0:00,28,Southern Inside,101,101-23,0.461538462,0.5,12,0,34,0,,
2013,1393,KTN,5,n,,7/6/2013 0:00,27,Southern Inside,101,101-40,1.384615385,1.5,12,20,10,0,,
2013,1395,KTN,15,n,,7/18/2013 0:00,29,Southern Inside,101,101-21,0.769230769,1,10,0,149,0,,
2013,1396,KTN,15,n,,7/16/2013 0:00,29,Southern Inside,101,101-21,5.384615385,5,14,0,831,0,,
2013,1397,KTN,15,n,,7/22/2013 0:00,30,Southern Inside,101,101-21,1.076923077,1,14,0,211,0,,
2013,1398,KTN,15,n,,7/22/2013 0:00,30,Southern Inside,101,101-23,4.307692308,4,14,0,1177,0,,
2013,1399,KTN,15,n,,7/25/2013 0:00,30,Southern Inside,101,101-21,3,3,13,0,564,0,,
2013,2613,KTN,15,n,,7/5/2013 0:00,27,Southern Inside,101,101-23,3,3,13,31,208,0,,
2013,2614,KTN,15,n,,7/25/2013 0:00,30,Southern Inside,101,101-23,4.153846154,4.5,12,0,381,0,,
2013,2616,KTN,15,n,,7/6/2013 0:00,27,Southern Inside,102,102-10,0.692307692,0.75,12,6,36,0,,
2013,2617,KTN,15,n,,7/8/2013 0:00,28,Southern Inside,101,101-25,0.769230769,1,10,0,170,0,,
2013,2619,KTN,5,n,,7/12/2013 0:00,28,Southern Inside,102,102-50,1.384615385,1.5,12,0,29,0,,
2013,2620,KTN,15,n,,7/12/2013 0:00,28,Southern Inside,101,101-41,4.615384615,5,12,0,171,0,,
2013,2622,KTN,15,n,,7/17/2013 0:00,29,Southern Inside,101,101-21,4.230769231,5,11,0,341,0,,
2013,2623,KTN,5,n,,7/11/2013 0:00,28,Southern Inside,101,101-29,0.769230769,1,10,0,19,0,,
2013,2625,KTN,5,n,,7/10/2013 0:00,28,Southern Inside,101,101-41,0.692307692,0.75,12,0,65,0,,
2013,2626,KTN,15,n,,7/6/2013 0:00,27,Southern Inside,101,101-40,0.692307692,0.75,12,3,32,0,,
2013,2627,KTN,15,n,,7/10/2013 0:00,28,Southern Inside,101,101-25,1.192307692,1,15.5,0,174,0,,
2013,2629,KTN,15,n,,7/6/2013 0:00,27,Southern Inside,102,102-10,2.461538462,2,16,60,0,0,,
2013,2631,KTN,15,n,,7/5/2013 0:00,27,Southern Inside,102,102-10,3.692307692,4,12,19,149,0,,
2013,2632,KTN,5,n,,7/5/2013 0:00,27,Southern Inside,102,102-10,0.923076923,1,12,17,51,0,,
2013,2633,KTN,15,n,,7/18/2013 0:00,29,Southern Inside,101,101-23,4.615384615,5,12,0,460,0,,
2013,2634,KTN,5,n,,7/18/2013 0:00,29,Southern Inside,102,102-50,1.384615385,1.5,12,0,33,0,,
2013,2640,KTN,15,n,,7/27/2013 0:00,30,Southern Inside,101,101-21,4.307692308,4,14,0,1172,1,,
2013,2641,KTN,15,n,,7/25/2013 0:00,30,Southern Inside,101,101-21,1.538461538,2,10,0,261,0,,
2013,2642,KTN,15,n,,7/27/2013 0:00,30,Southern Inside,101,101-21,2.769230769,3,12,0,544,0,,
2013,2643,KTN,15,n,,7/27/2013 0:00,30,Southern Inside,101,101-21,3.230769231,3,14,0,437,0,,
2013,2651,KTN,15,n,,7/19/2013 0:00,29,Southern Inside,101,101-21,4.307692308,4,14,0,387,0,,
2013,2652,KTN,15,n,,7/20/2013 0:00,29,Southern Inside,101,101-27,1.230769231,1,16,0,20,0,,
2013,2653,KTN,15,n,,7/20/2013 0:00,29,Southern Inside,101,101-23,2,2,13,0,259,0,,
2013,2653,KTN,15,n,,7/20/2013 0:00,29,Southern Inside,101,101-41,1,1,13,0,172,0,,
2013,2654,KTN,15,n,,7/21/2013 0:00,30,Southern Inside,101,101-27,0.923076923,1,12,0,21,0,,
2013,2655,KTN,15,n,,7/23/2013 0:00,30,Southern Inside,101,101-21,3.230769231,3,14,0,1095,0,,
2013,2656,KTN,15,n,,7/23/2013 0:00,30,Southern Inside,101,101-21,1.538461538,2,10,0,333,0,,
2013,2657,KTN,5,n,,7/22/2013 0:00,30,Southern Inside,101,101-29,0.304615385,0.33,12,0,13,0,,
2013,2658,KTN,5,n,,7/26/2013 0:00,30,Southern Inside,102,102-50,0.692307692,1,9,0,19,0,,
2013,2659,KTN,15,n,,7/27/2013 0:00,30,Southern Inside,101,101-21,2.307692308,2,15,0,680,0,,
2013,2659,KTN,15,n,,7/27/2013 0:00,30,Southern Inside,101,101-23,1.153846154,1,15,0,63,0,,
2013,2660,KTN,5,n,,7/26/2013 0:00,30,Southern Inside,101,101-43,0.846153846,1.1,10,0,17,0,,
2013,2661,KTN,15,n,,7/26/2013 0:00,30,Southern Inside,101,101-25,3.384615385,4,11,0,429,0,,
2013,2663,KTN,15,n,,7/26/2013 0:00,30,Southern Inside,101,101-21,1.846153846,2,12,0,317,0,,
2013,2664,KTN,5,n,,7/24/2013 0:00,30,Southern Inside,101,101-29,2.307692308,3,10,0,160,0,,
2013,2665,KTN,5,n,,7/24/2013 0:00,30,Southern Inside,101,101-48,0.692307692,0.75,12,0,11,0,,
2013,25210,KTN,15,n,,7/12/2013 0:00,28,Southern Inside,102,102-10,1.846153846,2,12,0,167,0,,
2014,2522,KTN,15,n,,7/2/2014 0:00,27,Southern Inside,101,101-21,0.923076923,1,12,17,66,0,,
2014,2602,KTN,15,n,,7/2/2014 0:00,27,Southern Inside,101,101-21,0.692307692,1,9,23,28,0,,
2014,4351,KTN,15,n,,7/2/2014 0:00,27,Southern Inside,101,101-21,0.923076923,1,12,32,56,0,,
2014,4352,KTN,15,n,,7/2/2014 0:00,27,Southern Inside,101,101-29,1.307692308,1,17,5,33,0,,
2014,4353,KTN,5,n,,7/2/2014 0:00,27,Southern Inside,101,101-29,1.538461538,2,10,7,16,0,,
2014,4356,KTN,5,n,,7/7/2014 0:00,28,Southern Inside,101,101-29,1.538461538,2,10,3,1,0,,
2014,4357,KTN,15,n,,7/4/2014 0:00,27,Southern Inside,101,101-25,0.307692308,0.4,10,6,0,0,,
2014,4357,KTN,15,n,,7/4/2014 0:00,27,Southern Inside,101,101-45,0.307692308,0.4,10,6,0,0,,
2014,4357,KTN,15,n,,7/4/2014 0:00,27,Southern Inside,102,102-10,1.230769231,1,16,30,96,0,,
2014,4358,KTN,5,n,,7/4/2014 0:00,27,Southern Inside,101,101-21,0.923076923,1.2,10,6,32,0,,
2014,4360,KTN,15,n,,7/16/2014 0:00,29,Southern Inside,101,101-21,0.923076923,1,12,0,10,0,,
2014,4360,KTN,15,n,,7/16/2014 0:00,29,Southern Inside,102,102-10,3.692307692,4,12,0,167,0,,
2014,4361,KTN,15,n,,7/16/2014 0:00,29,Southern Inside,101,101-21,3.173076923,2.75,15,0,73,0,,
2014,4361,KTN,15,n,,7/16/2014 0:00,29,Southern Inside,101,101-23,0.288461538,0.25,15,0,8,0,,
2014,4362,KTN,15,n,,7/18/2014 0:00,29,Southern Inside,102,102-10,5.230769231,4,17,0,310,0,,
2014,4363,KTN,5,n,,7/19/2014 0:00,29,Southern Inside,102,102-50,0.692307692,0.75,12,0,21,0,,
2014,4364,KTN,15,n,,7/10/2014 0:00,28,Southern Inside,101,101-21,2.769230769,3,12,0,191,0,,
2014,4365,KTN,15,n,,7/5/2014 0:00,27,Southern Inside,102,102-10,2.307692308,2,15,79,55,0,,
2014,4366,KTN,15,n,,7/5/2014 0:00,27,Southern Inside,102,102-10,1.230769231,4,4,90,153,0,,
2014,4367,KTN,15,n,,7/5/2014 0:00,27,Southern Inside,102,102-10,2.461538462,3.2,10,0,0,0,,
2014,4373,KTN,15,n,,7/8/2014 0:00,28,Southern Inside,101,101-21,1.076923077,1,14,68,35,0,,
2014,4374,KTN,15,n,,7/8/2014 0:00,28,Southern Inside,102,102-10,2.461538462,2,16,61,196,0,,
2014,4375,KTN,15,n,,7/8/2014 0:00,28,Southern Inside,102,102-10,2.153846154,2,14,53,61,0,,
2014,4377,KTN,15,n,,7/8/2014 0:00,28,Southern Inside,102,102-10,0.615384615,1,8,5,21,0,,
2014,4381,KTN,5,n,,7/14/2014 0:00,29,Southern Inside,101,101-29,1.230769231,2,8,0,11,0,,
2014,4383,KTN,15,n,,7/21/2014 0:00,30,Southern Inside,101,101-29,2.769230769,3,12,0,88,0,,
2014,4384,KTN,15,n,,7/24/2014 0:00,30,Southern Inside,101,101-29,0.461538462,0.5,12,0,15,0,,
2014,4385,KTN,15,n,,7/25/2014 0:00,30,Southern Inside,101,101-21,3.692307692,3,16,0,170,0,,
2014,4401,KTN,15,n,,7/5/2014 0:00,27,Southern Inside,102,102-10,2.076923077,2.7,10,57,125,0,,
2014,4402,KTN,15,n,,7/10/2014 0:00,28,Southern Inside,101,101-21,1.230769231,2,8,0,54,0,,
2014,4404,KTN,15,n,,7/11/2014 0:00,28,Southern Inside,101,101-21,1.538461538,2,10,0,37,0,,
2014,4405,KTN,15,n,,7/22/2014 0:00,30,Southern Inside,101,101-21,3.230769231,3,14,0,155,0,,
2014,4414,KTN,15,n,,7/8/2014 0:00,28,Southern Inside,101,101-21,0.615384615,0.8,10,13,24,0,,
2014,4415,KTN,15,n,,7/8/2014 0:00,28,Southern Inside,102,102-10,1.692307692,2,11,45,62,0,,
2014,4417,KTN,15,n,,7/8/2014 0:00,28,Southern Inside,102,102-60,1.230769231,1,16,7,7,0,,
2014,4417,KTN,15,n,,7/8/2014 0:00,28,Southern Inside,102,102-80,1.230769231,1,16,7,10,0,,
2014,4418,KTN,15,n,,7/8/2014 0:00,28,Southern Inside,101,101-21,5.538461538,6,12,101,72,0,,
2014,4420,KTN,15,n,,7/14/2014 0:00,29,Southern Inside,101,101-21,1.846153846,3,8,0,118,0,,
2014,4421,KTN,15,n,,7/21/2014 0:00,30,Southern Inside,101,101-21,2.769230769,3,12,0,310,0,,
2014,4422,KTN,15,n,,7/21/2014 0:00,30,Southern Inside,101,101-21,1.076923077,1,14,0,75,0,,
2014,4422,KTN,15,n,,7/21/2014 0:00,30,Southern Inside,101,101-41,1.076923077,1,14,0,160,0,,
2014,4422,KTN,15,n,,7/21/2014 0:00,30,Southern Inside,102,102-10,1.076923077,1,14,0,139,0,,
2014,4426,KTN,15,n,,7/7/2014 0:00,28,Southern Inside,101,101-21,1.846153846,2.4,10,37,112,0,,
2014,4427,KTN,15,n,,7/8/2014 0:00,28,Southern Inside,101,101-23,1.292307692,1.4,12,23,69,0,,
2014,4428,KTN,15,n,,7/8/2014 0:00,28,Southern Inside,102,102-30,2.769230769,3,12,22,12,0,,
2014,4430,KTN,5,n,,7/8/2014 0:00,28,Southern Inside,102,102-50,1.846153846,2,12,15,35,0,,
2014,4431,KTN,5,n,,7/8/2014 0:00,28,Southern Inside,101,101-21,0.846153846,1,11,3,17,0,,
2014,4432,KTN,15,n,,7/10/2014 0:00,28,Southern Inside,101,101-21,2,2,13,0,51,0,,
2014,4433,KTN,5,n,,7/17/2014 0:00,29,Southern Inside,101,101-21,1.846153846,2,12,0,52,0,,
2014,4434,KTN,5,n,,7/14/2014 0:00,29,Southern Inside,101,101-41,0.153846154,0.2,10,0,8,0,,
2014,4437,KTN,15,n,,7/15/2014 0:00,29,Southern Inside,102,102-10,2.307692308,2,15,0,238,0,,
2014,4440,KTN,5,n,,7/11/2014 0:00,28,Southern Inside,101,101-29,0.615384615,0.8,10,0,15,0,,
2014,4441,KTN,5,n,,7/10/2014 0:00,28,Southern Inside,101,101-21,3.692307692,3,16,0,101,0,,
2014,4442,KTN,15,n,,7/11/2014 0:00,28,Southern Inside,101,101-21,4.307692308,4,14,0,153,0,,
2014,4444,KTN,15,n,,7/12/2014 0:00,28,Southern Inside,101,101-21,4.923076923,4,16,0,219,0,,
2014,4445,KTN,15,n,,7/14/2014 0:00,29,Southern Inside,102,102-10,5.230769231,4,17,0,336,0,,
2014,4446,KTN,5,n,,7/23/2014 0:00,30,Southern Inside,101,101-21,3.230769231,3,14,0,136,0,,
2014,4447,KTN,5,n,,7/24/2014 0:00,30,Southern Inside,102,102-50,1.384615385,1.5,12,0,13,0,,
2014,4449,KTN,15,n,,7/24/2014 0:00,30,Southern Inside,101,101-21,2.769230769,3,12,0,145,0,,
2014,4450,KTN,15,n,,7/24/2014 0:00,30,Southern Inside,101,101-29,1.846153846,2,12,0,42,0,,
2014,4451,KTN,15,n,,7/8/2014 0:00,28,Southern Inside,102,102-10,0.923076923,1,12,5,15,0,,
2014,4454,KTN,5,n,,7/20/2014 0:00,30,Southern Inside,101,101-23,0.923076923,1,12,0,30,0,,
2014,4455,KTN,15,n,,7/20/2014 0:00,30,Southern Inside,101,101-21,3.461538462,3,15,0,99,0,,
2014,4457,KTN,15,n,,7/23/2014 0:00,30,Southern Inside,102,102-10,3.692307692,3,16,0,426,0,,
2014,4458,KTN,15,n,,7/25/2014 0:00,30,Southern Inside,101,101-21,0.923076923,1,12,0,9,0,,
2014,4458,KTN,15,n,,7/25/2014 0:00,30,Southern Inside,101,101-41,0.153846154,1,2,0,3,0,,
2014,4458,KTN,15,n,,7/25/2014 0:00,30,Southern Inside,102,102-10,2.769230769,3,12,0,228,0,,
2014,4861,CRG,15,n,,7/19/2014 0:00,29,Southern Inside,102,102-10,1.307692308,1,17,0,144,0,,
2014,70814,KTN,15,n,,7/8/2014 0:00,28,Southern Inside,102,102-10,1.615384615,1.5,14,43,104,0,,
2015,60001,KTN,15,n,,7/2/2015 0:00,27,Southern Inside,101,101-29,0.769230769,1,10,3,16,0,,
2015,60002,KTN,5,n,,7/3/2015 0:00,27,Southern Inside,101,101-45,3,3,13,20,60,0,,
2015,60003,KTN,5,n,,7/3/2015 0:00,27,Southern Inside,101,101-29,1.2,1.3,12,7,15,0,,
2015,60004,KTN,5,n,,7/3/2015 0:00,27,Southern Inside,102,102-10,1.846153846,2,12,24,143,0,,
2015,60005,KTN,15,n,,7/3/2015 0:00,27,Southern Inside,101,101-45,1.015384615,1.1,12,8,5,0,,
2015,60006,KTN,5,n,,7/4/2015 0:00,27,Southern Inside,101,101-23,0.646153846,0.7,12,0,0,0,,
2015,60006,KTN,5,n,,7/4/2015 0:00,27,Southern Inside,101,101-45,1.2,1.3,12,18,3,0,,
2015,60007,KTN,15,n,,7/4/2015 0:00,27,Southern Inside,102,102-10,4.153846154,3,18,55,73,0,,
2015,60008,KTN,15,n,,7/4/2015 0:00,27,Southern Inside,102,102-10,3,3,13,49,66,0,,
2015,60009,KTN,5,n,,7/4/2015 0:00,27,Southern Inside,102,102-10,2.769230769,3,12,33,72,0,,
2015,60010,KTN,15,n,,7/4/2015 0:00,27,Southern Inside,101,101-85,3.692307692,3,16,18,59,0,,
2015,60011,KTN,15,n,,7/4/2015 0:00,27,Southern Inside,102,102-10,3.923076923,3,17,91,204,0,,
2015,60012,KTN,5,n,,7/4/2015 0:00,27,Southern Inside,101,101-29,2.307692308,2.5,12,17,11,0,,
2015,60013,KTN,15,n,,7/4/2015 0:00,27,Southern Inside,102,102-10,3.461538462,3,15,15,113,0,,
2015,60014,KTN,15,n,,7/4/2015 0:00,27,Southern Inside,102,102-10,2.538461538,3,11,96,114,0,,
2015,60015,KTN,15,n,,7/4/2015 0:00,27,Southern Inside,102,102-10,2.461538462,2,16,51,168,0,,
2015,60016,KTN,15,n,,7/4/2015 0:00,27,Southern Inside,101,101-21,2.461538462,2,16,44,291,0,,
2015,60017,KTN,15,n,,7/5/2015 0:00,28,Southern Inside,102,102-10,3.692307692,3,16,34,113,0,,
2015,60018,KTN,15,n,,7/6/2015 0:00,28,Southern Inside,102,102-10,6.153846154,5,16,104,294,0,,
2015,60019,KTN,15,n,,7/6/2015 0:00,28,Southern Inside,102,102-10,5.769230769,5,15,180,550,0,,
2015,60020,KTN,15,n,,7/6/2015 0:00,28,Southern Inside,101,101-21,5.384615385,5,14,158,345,0,,
2015,60021,KTN,5,n,,7/6/2015 0:00,28,Southern Inside,102,102-10,3.230769231,3,14,30,108,0,,
2015,60025,KTN,15,n,,7/7/2015 0:00,28,Southern Inside,101,101-29,1.076923077,1,14,2,5,0,,
2015,60026,KTN,15,n,,7/7/2015 0:00,28,Southern Inside,102,102-10,7.384615385,6,16,322,305,0,,
2015,60027,KTN,15,n,,7/7/2015 0:00,28,Southern Inside,101,101-29,1.538461538,2,10,7,55,0,,
2015,60028,KTN,15,n,,7/7/2015 0:00,28,Southern Inside,102,102-10,6.153846154,5,16,215,380,0,,
2015,60029,KTN,15,n,,7/7/2015 0:00,28,Southern Inside,102,102-10,1.538461538,2,10,8,34,0,,
2015,60030,KTN,15,n,,7/7/2015 0:00,28,Southern Inside,102,102-10,3.923076923,3,17,91,140,0,,
2015,60031,KTN,15,n,,7/7/2015 0:00,28,Southern Inside,102,102-10,5.384615385,5,14,58,96,0,,
2015,60032,KTN,15,n,,7/6/2015 0:00,28,Southern Inside,102,102-10,5.769230769,5,15,123,209,0,,
2015,60033,KTN,15,n,,7/7/2015 0:00,28,Southern Inside,102,102-10,6.461538462,6,14,173,193,0,,
2015,60035,KTN,15,n,,7/7/2015 0:00,28,Southern Inside,101,101-21,1.615384615,1.5,14,53,52,0,,
2015,60035,KTN,15,n,,7/7/2015 0:00,28,Southern Inside,102,102-10,4.846153846,4.5,14,210,208,0,,
2015,60036,KTN,15,n,,7/7/2015 0:00,28,Southern Inside,102,102-10,0.692307692,0.75,12,6,37,0,,
2015,60038,KTN,15,n,,7/8/2015 0:00,28,Southern Inside,101,101-43,2.307692308,3,10,7,31,0,,
2015,60039,KTN,15,n,,7/9/2015 0:00,28,Southern Inside,102,102-10,2.153846154,2,14,15,95,0,,
2015,60040,KTN,15,n,,7/9/2015 0:00,28,Southern Inside,101,101-21,6.538461538,5,17,29,522,0,,
2015,60042,KTN,15,n,,7/9/2015 0:00,28,Southern Inside,101,101-21,1.846153846,2,12,22,238,0,,
2015,60044,KTN,15,n,,7/9/2015 0:00,28,Southern Inside,101,101-21,2.923076923,2,19,83,100,0,,
2015,60047,KTN,15,n,,7/9/2015 0:00,28,Southern Inside,101,101-21,2.769230769,2,18,35,276,0,,
2015,60048,KTN,15,n,,7/9/2015 0:00,28,Southern Inside,102,102-10,1.230769231,1,16,30,177,0,,
2015,60049,KTN,15,n,,7/9/2015 0:00,28,Southern Inside,102,102-10,2.461538462,2,16,44,142,0,,
2015,60050,KTN,15,n,,7/9/2015 0:00,28,Southern Inside,101,101-21,2.461538462,2,16,19,244,0,,
2015,60051,KTN,15,n,,7/9/2015 0:00,28,Southern Inside,102,102-10,3.230769231,3,14,32,119,0,,
2015,60053,KTN,15,n,,7/11/2015 0:00,28,Southern Inside,101,101-23,3,3,13,0,233,0,,
2015,60054,KTN,5,n,,7/10/2015 0:00,28,Southern Inside,102,102-10,1.076923077,1,14,6,18,0,,
2015,60057,KTN,15,n,,7/13/2015 0:00,29,Southern Inside,101,101-21,4.307692308,4,14,0,420,0,,
2015,60058,KTN,15,n,,7/14/2015 0:00,29,Southern Inside,101,101-21,5.384615385,5,14,0,514,0,,
2015,60060,KTN,5,n,,7/15/2015 0:00,29,Southern Inside,101,101-21,0.461538462,0.5,12,0,21,0,,
2015,60061,KTN,15,n,,7/16/2015 0:00,29,Southern Inside,101,101-21,4.307692308,4,14,0,499,0,,
2015,60062,KTN,15,n,,7/16/2015 0:00,29,Southern Inside,101,101-23,5.769230769,5,15,0,621,0,,
2015,60063,KTN,15,n,,7/16/2015 0:00,29,Southern Inside,101,101-21,5.230769231,4,17,0,515,0,,
2015,60064,KTN,15,n,,7/17/2015 0:00,29,Southern Inside,101,101-21,5.769230769,5,15,0,810,0,,
2015,60065,KTN,15,n,,7/17/2015 0:00,29,Southern Inside,101,101-21,4.615384615,4,15,0,378,0,,
2015,60066,KTN,15,n,,7/18/2015 0:00,29,Southern Inside,101,101-23,3.692307692,4,12,0,134,0,,
2015,60067,KTN,15,n,,7/19/2015 0:00,30,Southern Inside,101,101-21,5.538461538,4,18,0,298,0,,
2015,60068,KTN,15,n,,7/19/2015 0:00,30,Southern Inside,101,101-21,1.846153846,2,12,0,140,0,,
2015,60069,KTN,15,n,,7/20/2015 0:00,30,Southern Inside,101,101-21,3.692307692,4,12,0,187,0,,
2015,60070,KTN,15,n,,7/20/2015 0:00,30,Southern Inside,101,101-21,3.230769231,3,14,0,192,0,,
2015,60071,KTN,15,n,,7/20/2015 0:00,30,Southern Inside,101,101-21,3.692307692,4,12,0,354,0,,
2015,60072,KTN,5,n,,7/20/2015 0:00,30,Southern Inside,101,101-21,3.692307692,4,12,0,138,0,,
2015,60073,KTN,15,n,,7/20/2015 0:00,30,Southern Inside,101,101-23,2.769230769,3,12,0,77,0,,
2015,60074,KTN,15,n,,7/20/2015 0:00,30,Southern Inside,101,101-21,5,5,13,0,518,0,,
2015,60075,KTN,15,n,,7/21/2015 0:00,30,Southern Inside,102,102-10,2.307692308,2,15,0,34,0,,
2015,60076,KTN,15,n,,7/23/2015 0:00,30,Southern Inside,101,101-23,3.230769231,3,14,0,464,0,,
2015,60077,KTN,5,n,,7/23/2015 0:00,30,Southern Inside,101,101-23,1.2,1.3,12,0,21,0,,
2015,60078,KTN,5,n,,7/24/2015 0:00,30,Southern Inside,101,101-23,2.769230769,3,12,0,64,0,,
2015,60079,KTN,15,n,,7/24/2015 0:00,30,Southern Inside,101,101-21,6.461538462,6,14,0,626,0,,
2015,60080,KTN,15,n,,7/25/2015 0:00,30,Southern Inside,101,101-21,4.615384615,5,12,0,197,0,,
2015,60081,KTN,15,n,,7/25/2015 0:00,30,Southern Inside,101,101-23,1.615384615,1.5,14,0,92,0,,
2015,60081,KTN,15,n,,7/25/2015 0:00,30,Southern Inside,101,101-41,1.615384615,1.5,14,0,92,0,,
2015,70027,CRG,15,n,,7/5/2015 0:00,28,Southern Inside,102,102-10,4.923076923,4,16,133,225,0,,
2015,70030,CRG,15,n,,7/5/2015 0:00,28,Southern Inside,102,102-10,4.307692308,4,14,182,262,0,,
2015,70042,CRG,15,n,,7/6/2015 0:00,28,Southern Inside,102,102-10,5.884615385,4.5,17,243,290,2,,
2015,70048,CRG,15,n,,7/6/2015 0:00,28,Southern Inside,102,102-10,5.538461538,4.5,16,270,370,3,,
2015,70128,CRG,15,n,,7/17/2015 0:00,29,Southern Inside,102,102-10,1.2,1.3,12,0,45,0,,
2015,70129,CRG,15,n,,7/17/2015 0:00,29,Southern Inside,102,102-10,3.769230769,3.5,14,0,583,0,,
2015,70149,CRG,5,n,,7/19/2015 0:00,30,Southern Inside,102,102-10,1.476923077,1.6,12,0,88,0,,
2016,183,KTN,15,n,,7/14/2016 0:00,29,Southern Inside,101,101-21,2,2,13,0,143,0,,
2016,184,KTN,15,n,,7/15/2016 0:00,29,Southern Inside,101,101-21,4,4,13,0,311,0,,
2016,185,KTN,15,n,,7/15/2016 0:00,29,Southern Inside,101,101-27,2.5,2.5,13,0,184,0,,
2016,185,KTN,15,n,,7/15/2016 0:00,29,Southern Inside,101,101-21,2.5,2.5,13,0,184,0,,
2016,186,KTN,15,n,,7/17/2016 0:00,30,Southern Inside,101,101-29,2,2,13,0,60,0,,
2016,187,KTN,15,n,,7/17/2016 0:00,30,Southern Inside,101,101-21,2,2,13,0,57,0,,
2016,188,KTN,5,n,,7/18/2016 0:00,30,Southern Inside,101,101-21,3,3,13,0,49,0,,
2016,189,KTN,15,n,,7/17/2016 0:00,30,Southern Inside,101,101-21,5,5,13,0,514,0,,
2016,190,KTN,15,n,,7/19/2016 0:00,30,Southern Inside,101,101-25,4,4,13,0,132,0,,
2016,6001,KTN,15,n,,7/6/2016 0:00,28,Southern Inside,102,102-10,3.846153846,5,10,51,161,0,,
2016,6002,KTN,15,n,,7/6/2016 0:00,28,Southern Inside,101,101-23,4.230769231,5,11,12,171,0,,
2016,6004,KTN,15,n,,7/6/2016 0:00,28,Southern Inside,102,102-10,3.461538462,3,15,129,13,0,,
2016,6005,KTN,15,n,,7/6/2016 0:00,28,Southern Inside,102,102-10,3.692307692,4,12,107,100,0,,
2016,6006,KTN,15,n,,7/6/2016 0:00,28,Southern Inside,102,102-10,4.923076923,4,16,114,140,0,,
2016,6007,KTN,15,n,,7/6/2016 0:00,28,Southern Inside,102,102-10,4.615384615,5,12,221,179,0,,
2016,6008,KTN,15,n,,7/6/2016 0:00,28,Southern Inside,102,102-20,5.384615385,5,14,22,71,0,,
2016,6011,KTN,15,n,,7/6/2016 0:00,28,Southern Inside,102,102-10,2.307692308,2,15,28,53,0,,
2016,6014,KTN,15,n,,7/6/2016 0:00,28,Southern Inside,102,102-10,4,4,13,49,52,0,,
2016,6016,KTN,15,n,,7/6/2016 0:00,28,Southern Inside,102,102-10,4.615384615,5,12,36,65,0,,
2016,6017,KTN,15,n,,7/6/2016 0:00,28,Southern Inside,102,102-10,1.153846154,1,15,10,9,0,,
2016,6018,KTN,15,n,,7/7/2016 0:00,28,Southern Inside,102,102-10,3.230769231,3,14,47,8,0,,
2016,6021,KTN,15,n,,7/7/2016 0:00,28,Southern Inside,101,101-45,0.538461538,1,7,6,1,0,,
2016,6023,KTN,15,n,,7/10/2016 0:00,29,Southern Inside,102,102-10,1,1,13,0,38,0,,
2016,3500025,PBG,15,n,CWT Sample,7/22/2016 0:00,30,Southern Inside,101,101-95,0.923076923,1,12,0,0,51,,
2016,5500004,KTN,5,n,CWT Sample,7/5/2016 0:00,28,Southern Inside,101,101-45,2.153846154,2,14,1,8,0,,
2016,5500006,KTN,5,n,CWT Sample,7/5/2016 0:00,28,Southern Inside,101,101-29,1.538461538,2,10,7,14,0,,
2016,5500010,KTN,15,n,Permit Holder,7/14/2016 0:00,29,Southern Inside,101,101-21,1.153846154,1.5,10,0,61,0,,
2016,5500010,KTN,15,n,Permit Holder,7/14/2016 0:00,29,Southern Inside,101,101-29,1.153846154,1.5,10,0,14,0,,
2016,5500019,KTN,15,n,CWT Sample,7/17/2016 0:00,30,Southern Inside,101,101-21,4.615384615,5,12,0,165,0,,
2016,6500005,KTN,15,n,CWT Sample,7/20/2016 0:00,30,Southern Inside,102,102-10,3.692307692,4,12,0,446,0,,
2016,6500006,KTN,15,n,CWT Sample,7/21/2016 0:00,30,Southern Inside,101,101-21,3.692307692,4,12,0,221,0,,
2016,6500008,KTN,15,n,CWT Sample,7/21/2016 0:00,30,Southern Inside,102,102-10,3.692307692,4,12,0,446,0,,
2016,7000008,KTN,15,n,CWT Sample,7/20/2016 0:00,30,Southern Inside,101,101-21,4.307692308,4,14,0,311,0,,
2016,7500008,KTN,15,n,CWT Sample,7/5/2016 0:00,28,Southern Inside,101,101-21,3,3,13,62,110,0,,
2016,8000004,KTN,15,n,CWT Sample,7/20/2016 0:00,30,Southern Inside,101,101-21,2.153846154,2,14,0,230,0,,
2016,8000004,KTN,15,n,CWT Sample,7/20/2016 0:00,30,Southern Inside,101,101-23,0.153846154,1,2,0,7,0,,
2016,8500002,KTN,15,n,CWT Sample,7/21/2016 0:00,30,Southern Inside,101,101-21,1.846153846,2,12,0,93,0,,
2016,8500003,KTN,15,n,CWT Sample,7/21/2016 0:00,30,Southern Inside,101,101-21,4.230769231,5,11,0,146,0,,
2016,8500007,KTN,15,n,CWT Sample,7/23/2016 0:00,30,Southern Inside,101,101-21,3.692307692,4,12,0,520,0,,
2016,9000001,KTN,15,n,CWT Sample,7/4/2016 0:00,28,Southern Inside,102,102-50,0.153846154,1,2,0,2,0,,
2016,9000001,KTN,15,n,CWT Sample,7/4/2016 0:00,28,Southern Inside,101,101-29,0.153846154,1,2,1,2,0,,
2016,9000002,KTN,5,n,CWT Sample,7/4/2016 0:00,28,Southern Inside,101,101-21,0.846153846,1,11,1,39,0,,
2016,9000002,KTN,5,n,CWT Sample,7/4/2016 0:00,28,Southern Inside,101,101-41,0.846153846,1,11,2,40,0,,
2016,9000006,KTN,15,n,Permit Holder,7/14/2016 0:00,29,Southern Inside,101,101-21,4.307692308,4,14,0,460,0,,
2016,9000010,KTN,5,n,CWT Sample,7/18/2016 0:00,30,Southern Inside,101,101-23,2.307692308,3,10,0,89,0,,
2017,19,SIT,15,n,Permit Holder,7/28/2017 0:00,30,Southern Inside,101,101-21,3,3,13,0,537,0,,
2017,5500110,KTN,5,n,CWT Sample,7/3/2017 0:00,27,Southern Inside,101,101-45,0.461538462,1,6,3,0,0,,
2017,5500112,KTN,5,n,Permit Holder,7/5/2017 0:00,27,Southern Inside,101,101-29,0.846153846,1,11,5,5,0,,
2017,5500114,KTN,15,n,CWT Sample,7/14/2017 0:00,28,Southern Inside,101,101-21,1.692307692,2,11,1,263,0,,
2017,5500116,KTN,15,n,CWT Sample,7/21/2017 0:00,29,Southern Inside,101,101-21,6.153846154,5,16,3,910,1,,
2017,5500119,KTN,15,n,CWT Sample,7/28/2017 0:00,30,Southern Inside,101,101-23,2.5,2.5,13,0,101,0,,
2017,6000087,KTN,15,n,CWT Sample,7/10/2017 0:00,28,Southern Inside,101,101-40,0.923076923,1,12,1,6,0,,
2017,6000091,KTN,15,n,CWT Sample,7/24/2017 0:00,30,Southern Inside,101,101-29,0.923076923,1,12,0,81,0,,
2017,6000093,KTN,15,n,CWT Sample,7/24/2017 0:00,30,Southern Inside,101,101-41,6,6,13,0,347,0,,
2017,6000095,KTN,5,n,CWT Sample,7/24/2017 0:00,30,Southern Inside,101,101-23,2.307692308,2.5,12,0,137,0,,
2017,6000096,KTN,15,n,CWT Sample,7/24/2017 0:00,30,Southern Inside,101,101-21,1.038461538,1.5,9,0,246,1,,
2017,6500092,KTN,15,n,CWT Sample,7/3/2017 0:00,27,Southern Inside,101,101-29,1.230769231,2,8,11,50,0,,
2017,6500098,KTN,15,n,CWT Sample,7/19/2017 0:00,29,Southern Inside,101,101-21,3.692307692,4,12,7,625,0,,
2017,6500100,KTN,15,n,CWT Sample,7/19/2017 0:00,29,Southern Inside,101,101-21,5,5,13,17,907,0,,
2017,7000054,KTN,15,n,CWT Sample,7/4/2017 0:00,27,Southern Inside,101,101-41,1.230769231,2,8,0,11,0,,
2017,7000059,KTN,15,n,Permit Holder,7/8/2017 0:00,27,Southern Inside,101,101-21,2.615384615,2,17,0,640,0,,
2017,7000060,KTN,5,n,CWT Sample,7/8/2017 0:00,27,Southern Inside,101,101-40,0.769230769,2,5,18,0,0,,
2017,7000062,KTN,15,n,Permit Holder,7/8/2017 0:00,27,Southern Inside,101,101-21,2.615384615,2,17,1,470,0,,
2017,7000064,KTN,15,n,CWT Sample,7/11/2017 0:00,28,Southern Inside,101,101-21,1.538461538,2,10,5,130,0,,
2017,7000066,KTN,5,n,CWT Sample,7/18/2017 0:00,29,Southern Inside,101,101-29,0.307692308,1,4,0,26,0,,
2017,7000068,KTN,15,n,CWT Sample,7/18/2017 0:00,29,Southern Inside,101,101-21,2.307692308,3,10,0,245,0,,
2017,7000071,KTN,15,n,CWT Sample,7/20/2017 0:00,29,Southern Inside,102,102-10,2.153846154,2,14,2,278,0,,
2017,7000071,KTN,15,n,CWT Sample,7/20/2017 0:00,29,Southern Inside,102,102-30,0.307692308,1,4,1,35,0,,
2017,7000072,KTN,5,n,CWT Sample,7/20/2017 0:00,29,Southern Inside,101,101-21,0.923076923,1,12,0,38,0,,
2017,7000072,KTN,5,n,CWT Sample,7/20/2017 0:00,29,Southern Inside,101,101-29,0.461538462,0.5,12,0,20,0,,
2017,7000074,KTN,15,n,CWT Sample,7/20/2017 0:00,29,Southern Inside,101,101-29,0.615384615,1,8,0,53,0,,
2017,7000076,KTN,5,n,CWT Sample,7/22/2017 0:00,29,Southern Inside,101,101-29,0.769230769,1,10,1,0,0,,
2017,7000078,KTN,15,n,Permit Holder,7/22/2017 0:00,29,Southern Inside,101,101-21,2.615384615,2,17,1,275,0,,
2017,7000079,KTN,15,n,Permit Holder,7/22/2017 0:00,29,Southern Inside,101,101-21,2.769230769,3,12,2,484,0,,
2017,7000082,KTN,15,n,Permit Holder,7/23/2017 0:00,30,Southern Inside,102,102-10,4,4,13,0,594,0,,
2017,7000083,KTN,15,n,CWT Sample,7/23/2017 0:00,30,Southern Inside,101,101-41,1,1,13,0,128,0,,
2017,7000085,KTN,15,n,CWT Sample,7/25/2017 0:00,30,Southern Inside,101,101-21,3.230769231,3.5,12,0,331,0,,
2017,7000086,KTN,15,n,CWT Sample,7/25/2017 0:00,30,Southern Inside,101,101-29,1.384615385,1.5,12,0,122,0,,
2017,7000087,KTN,15,n,CWT Sample,7/25/2017 0:00,30,Southern Inside,101,101-29,0.615384615,1,8,0,9,0,,
2017,7000090,KTN,5,n,Permit Holder,7/27/2017 0:00,30,Southern Inside,101,101-23,1.615384615,1.5,14,0,45,0,,
2017,7000090,KTN,5,n,Permit Holder,7/27/2017 0:00,30,Southern Inside,101,101-21,1.615384615,1.5,14,0,50,0,,
2017,8000070,KTN,5,n,CWT Sample,7/4/2017 0:00,27,Southern Inside,101,101-45,0.615384615,1,8,7,0,0,,
2017,8000072,KTN,15,n,CWT Sample,7/5/2017 0:00,27,Southern Inside,101,101-21,5.538461538,4,18,30,136,0,,
2017,8000074,KTN,15,n,CWT Sample,7/5/2017 0:00,27,Southern Inside,101,101-21,5.538461538,4,18,42,244,0,,
2017,8000075,KTN,15,n,CWT Sample,7/5/2017 0:00,27,Southern Inside,101,101-29,4.615384615,4,15,36,53,0,,
2017,8000080,KTN,15,n,CWT Sample,7/5/2017 0:00,27,Southern Inside,101,101-23,4,4,13,39,105,0,,
2017,8000082,KTN,15,n,CWT Sample,7/19/2017 0:00,29,Southern Inside,101,101-21,4.923076923,4,16,0,543,0,,
2017,8000083,KTN,15,n,CWT Sample,7/19/2017 0:00,29,Southern Inside,101,101-41,0.384615385,0.5,10,0,19,0,,
2017,8000084,KTN,5,n,CWT Sample,7/19/2017 0:00,29,Southern Inside,101,101-29,0.769230769,2,5,0,48,0,,
2017,8000087,KTN,15,n,CWT Sample,7/24/2017 0:00,30,Southern Inside,101,101-23,4.615384615,5,12,0,427,0,,
2017,8000090,KTN,15,n,CWT Sample,7/26/2017 0:00,30,Southern Inside,101,101-23,1.692307692,2,11,0,264,0,,
2017,8000093,KTN,15,n,CWT Sample,7/26/2017 0:00,30,Southern Inside,101,101-29,0.846153846,1,11,0,86,0,,
2017,8000096,KTN,15,n,CWT Sample,7/28/2017 0:00,30,Southern Inside,102,102-10,4,4,13,0,661,0,,
2017,8000098,KTN,15,n,CWT Sample,7/28/2017 0:00,30,Southern Inside,101,101-29,0.923076923,2,6,0,32,1,,
2017,8500041,KTN,15,n,CWT Sample,7/11/2017 0:00,28,Southern Inside,102,102-10,1.846153846,2,12,0,140,0,,
2017,8500045,KTN,15,n,CWT Sample,7/14/2017 0:00,28,Southern Inside,101,101-21,2.461538462,2,16,1,483,0,,
2017,8500047,KTN,15,n,CWT Sample,7/19/2017 0:00,29,Southern Inside,101,101-21,4.307692308,4,14,1,391,0,,
2017,8500050,KTN,15,n,CWT Sample,7/19/2017 0:00,29,Southern Inside,101,101-25,1.076923077,1,14,0,50,0,,
2017,8500050,KTN,15,n,CWT Sample,7/19/2017 0:00,29,Southern Inside,101,101-45,1.076923077,1,14,0,20,0,,
2017,8500052,KTN,15,n,CWT Sample,7/19/2017 0:00,29,Southern Inside,101,101-21,3.692307692,4,12,0,225,0,,
2017,8500056,KTN,5,n,CWT Sample,7/20/2017 0:00,29,Southern Inside,101,101-40,0.153846154,1,2,7,0,0,,
2017,8500059,KTN,15,n,Permit Holder,7/28/2017 0:00,30,Southern Inside,101,101-21,2.153846154,2,14,0,612,0,,
2017,8500061,KTN,15,n,CWT Sample,7/28/2017 0:00,30,Southern Inside,101,101-21,3.692307692,4,12,0,941,0,,
2017,9000070,KTN,15,n,CWT Sample,7/5/2017 0:00,27,Southern Inside,101,101-29,2.769230769,3,12,31,49,0,,
2017,9000073,KTN,15,n,CWT Sample,7/5/2017 0:00,27,Southern Inside,101,101-21,4.923076923,4,16,21,155,0,,
2017,9000074,KTN,15,n,CWT Sample,7/5/2017 0:00,27,Southern Inside,101,101-21,1.846153846,2,12,0,66,0,,
2017,9000074,KTN,15,n,CWT Sample,7/5/2017 0:00,27,Southern Inside,101,101-29,0.923076923,1,12,12,0,0,,
2017,9000078,KTN,5,n,CWT Sample,7/11/2017 0:00,28,Southern Inside,101,101-40,0.615384615,1,8,3,1,0,,
2017,9000080,KTN,5,n,CWT Sample,7/13/2017 0:00,28,Southern Inside,101,101-40,0.923076923,3,4,3,1,0,,
2017,9000081,KTN,15,n,CWT Sample,7/13/2017 0:00,28,Southern Inside,101,101-21,6.538461538,5,17,3,730,0,,
2017,9000082,KTN,5,n,CWT Sample,7/17/2017 0:00,29,Southern Inside,101,101-27,1.230769231,4,4,0,20,0,,
2017,9000084,KTN,5,n,CWT Sample,7/20/2017 0:00,29,Southern Inside,101,101-29,0.461538462,1,6,0,26,0,,
2017,9000087,KTN,15,n,CWT Sample,7/26/2017 0:00,30,Southern Inside,101,101-21,3.692307692,4,12,0,937,0,,
2017,10000041,KTN,15,n,CWT Sample,7/5/2017 0:00,27,Southern Inside,101,101-29,2,2,13,17,41,0,,
2017,10000041,KTN,15,n,CWT Sample,7/5/2017 0:00,27,Southern Inside,102,102-10,2,2,13,26,34,0,,
2017,10000043,KTN,15,n,CWT Sample,7/5/2017 0:00,27,Southern Inside,102,102-10,5.538461538,4,18,39,43,0,,
2017,10000045,KTN,5,n,CWT Sample,7/5/2017 0:00,27,Southern Inside,101,101-27,0.384615385,1,5,4,0,0,,
2017,10000049,KTN,5,n,CWT Sample,7/10/2017 0:00,28,Southern Inside,101,101-40,0.615384615,1,8,10,0,0,,
2017,10000051,KTN,15,n,CWT Sample,7/10/2017 0:00,28,Southern Inside,101,101-29,1.846153846,2,12,0,70,2,,
2017,10000056,KTN,15,n,CWT Sample,7/13/2017 0:00,28,Southern Inside,101,101-21,2.307692308,2.5,12,8,677,0,,
2017,10000058,KTN,15,n,CWT Sample,7/15/2017 0:00,28,Southern Inside,101,101-23,1.846153846,2,12,0,114,0,,
2017,10000060,KTN,5,n,CWT Sample,7/21/2017 0:00,29,Southern Inside,101,101-29,0.846153846,2,5.5,0,52,0,,
2017,10000062,KTN,15,n,CWT Sample,7/25/2017 0:00,30,Southern Inside,101,101-21,4.923076923,4,16,0,520,0,,
2017,10000064,KTN,15,n,CWT Sample,7/25/2017 0:00,30,Southern Inside,101,101-29,1.615384615,3,7,0,89,0,,
2017,10000068,KTN,15,n,CWT Sample,7/29/2017 0:00,30,Southern Inside,101,101-41,3.692307692,4,12,0,76,0,,
2017,14500017,KTN,5,n,CWT Sample,7/3/2017 0:00,27,Southern Inside,101,101-29,1.538461538,2,10,7,6,0,,
2017,14500019,KTN,15,n,CWT Sample,7/4/2017 0:00,27,Southern Inside,101,101-23,3.461538462,3,15,13,30,0,,
2017,14500021,KTN,15,n,CWT Sample,7/4/2017 0:00,27,Southern Inside,102,102-10,2.307692308,2,15,14,45,0,,
2017,14500027,KTN,15,n,CWT Sample,7/7/2017 0:00,27,Southern Inside,101,101-40,0.538461538,1,7,3,1,1,,
2017,14500030,KTN,5,n,CWT Sample,7/29/2017 0:00,30,Southern Inside,101,101-29,1.076923077,2,7,0,10,0,,
2018,9,KTN,15,n,Fish Ticket,7/20/2018 0:00,29,Southern Inside,101,101-21,2,2,13,0,118,0,,
2018,13,KTN,15,n,Fish Ticket,7/21/2018 0:00,29,Southern Inside,102,102-10,1,1,13,0,50,0,,
2018,14,KTN,15,n,Fish Ticket,7/21/2018 0:00,29,Southern Inside,102,102-10,4,4,13,0,479,0,,
2018,15,KTN,5,n,Fish Ticket,7/21/2018 0:00,29,Southern Inside,102,102-80,2.769230769,3,12,0,19,0,,
2018,5500198,KTN,15,n,CWT Sample,7/3/2018 0:00,27,Southern Inside,101,101-29,0.461538462,1,6,5,0,0,,
2018,5500200,KTN,15,n,CWT Sample,7/5/2018 0:00,27,Southern Inside,102,102-80,4.923076923,4,16,12,3,0,,
2018,5500201,KTN,5,n,CWT Sample,7/5/2018 0:00,27,Southern Inside,101,101-29,0.384615385,1,5,1,0,0,,
2018,5500202,KTN,15,n,CWT Sample,7/5/2018 0:00,27,Southern Inside,102,102-10,1.230769231,2,8,5,7,0,,
2018,5500202,KTN,15,n,CWT Sample,7/5/2018 0:00,27,Southern Inside,101,101-29,1.230769231,2,8,4,0,0,,
2018,5500206,KTN,5,n,CWT Sample,7/9/2018 0:00,28,Southern Inside,101,101-29,1.846153846,2,12,8,7,0,,
2018,5500208,KTN,15,n,CWT Sample,7/9/2018 0:00,28,Southern Inside,101,101-25,4.615384615,4,15,29,45,0,,
2018,5500209,KTN,15,n,CWT Sample,7/9/2018 0:00,28,Southern Inside,101,101-45,3.461538462,3,15,29,9,0,,
2018,5500210,KTN,15,n,CWT Sample,7/9/2018 0:00,28,Southern Inside,102,102-10,1.730769231,1.5,15,15,32,0,,
2018,5500212,KTN,5,n,CWT Sample,7/11/2018 0:00,28,Southern Inside,101,101-45,0.384615385,1,5,1,1,0,,
2018,5500215,KTN,5,n,CWT Sample,7/14/2018 0:00,28,Southern Inside,101,101-29,1.076923077,1,14,2,3,0,,
2018,5500216,KTN,15,n,CWT Sample,7/14/2018 0:00,28,Southern Inside,101,101-21,3.692307692,3,16,14,31,0,,
2018,5500217,KTN,15,n,CWT Sample,7/14/2018 0:00,28,Southern Inside,101,101-21,4.038461538,3,17.5,32,11,0,,
2018,5500218,KTN,15,n,CWT Sample,7/14/2018 0:00,28,Southern Inside,102,102-10,3.461538462,3,15,59,141,0,,
2018,5500219,KTN,15,n,CWT Sample,7/14/2018 0:00,28,Southern Inside,102,102-10,1.384615385,1,18,5,63,0,,
2018,5500220,KTN,15,n,CWT Sample,7/14/2018 0:00,28,Southern Inside,102,102-80,3,3,13,11,26,0,,
2018,5500221,KTN,15,n,CWT Sample,7/14/2018 0:00,28,Southern Inside,102,102-10,1.230769231,1,16,0,50,0,,
2018,5500222,KTN,15,n,CWT Sample,7/14/2018 0:00,28,Southern Inside,102,102-10,4.576923077,3.5,17,37,98,0,,
2018,5500225,KTN,15,n,CWT Sample,7/24/2018 0:00,30,Southern Inside,102,102-10,2.307692308,3,10,0,81,0,,
2018,5500229,KTN,15,n,CWT Sample,7/24/2018 0:00,30,Southern Inside,101,101-21,4.307692308,4,14,0,96,0,,
2018,6000138,KTN,15,n,CWT Sample,7/19/2018 0:00,29,Southern Inside,101,101-90,1.538461538,2,10,0,1,0,,
2018,6500191,KTN,15,n,CWT Sample,7/9/2018 0:00,28,Southern Inside,101,101-25,0.692307692,1,9,7,4,0,,
2018,6500191,KTN,15,n,CWT Sample,7/9/2018 0:00,28,Southern Inside,101,101-45,0.692307692,1,9,6,3,0,,
2018,6500193,KTN,15,n,CWT Sample,7/11/2018 0:00,28,Southern Inside,101,101-45,0.615384615,1,8,2,1,0,,
2018,6500198,KTN,5,n,CWT Sample,7/28/2018 0:00,30,Southern Inside,101,101-29,0.769230769,1,10,0,3,0,,
2018,7000154,KTN,5,n,CWT Sample,7/2/2018 0:00,27,Southern Inside,101,101-29,0.538461538,1,7,1,0,0,,
2018,7000154,KTN,5,n,CWT Sample,7/2/2018 0:00,27,Southern Inside,101,101-27,0.538461538,1,7,0,1,0,,
2018,7000155,KTN,15,n,CWT Sample,7/2/2018 0:00,27,Southern Inside,102,102-10,1.615384615,2,10.5,3,8,0,,
2018,7000157,KTN,5,n,CWT Sample,7/2/2018 0:00,27,Southern Inside,101,101-29,0.923076923,1,12,4,2,0,,
2018,7000159,KTN,5,n,CWT Sample,7/2/2018 0:00,27,Southern Inside,101,101-29,1.846153846,2,12,8,5,0,,
2018,7000163,KTN,15,n,CWT Sample,7/3/2018 0:00,27,Southern Inside,102,102-80,1.846153846,2,12,5,4,0,,
2018,7000169,KTN,15,n,CWT Sample,7/5/2018 0:00,27,Southern Inside,101,101-29,5.384615385,5,14,42,22,0,,
2018,7000170,KTN,15,n,CWT Sample,7/5/2018 0:00,27,Southern Inside,101,101-29,2.307692308,2,15,34,9,0,,
2018,7000170,KTN,15,n,CWT Sample,7/5/2018 0:00,27,Southern Inside,102,102-50,1.153846154,1,15,1,0,0,,
2018,7000170,KTN,15,n,CWT Sample,7/5/2018 0:00,27,Southern Inside,101,101-21,1.153846154,1,15,1,0,0,,
2018,7000171,KTN,15,n,,7/5/2018 0:00,27,Southern Inside,102,102-10,3.692307692,3,16,10,7,0,,
2018,7000173,KTN,15,n,CWT Sample,7/5/2018 0:00,27,Southern Inside,102,102-10,1.076923077,1,14,1,20,0,,
2018,7000175,KTN,15,n,CWT Sample,7/7/2018 0:00,27,Southern Inside,102,102-50,6.461538462,6,14,34,0,0,,
2018,7000178,KTN,15,n,CWT Sample,7/12/2018 0:00,28,Southern Inside,101,101-21,0.461538462,1,6,1,0,0,,
2018,7000178,KTN,15,n,CWT Sample,7/12/2018 0:00,28,Southern Inside,101,101-45,0.461538462,1,6,1,12,0,,
2018,7000180,KTN,15,n,CWT Sample,7/12/2018 0:00,28,Southern Inside,101,101-45,0.769230769,2,5,2,15,0,,
2018,7000187,KTN,15,n,CWT Sample,7/23/2018 0:00,30,Southern Inside,102,102-10,1.3,1.3,13,0,112,0,,
2018,7000187,KTN,15,n,CWT Sample,7/23/2018 0:00,30,Southern Inside,101,101-21,0.33,0.33,13,0,4,0,,
2018,7000188,KTN,5,n,CWT Sample,7/23/2018 0:00,30,Southern Inside,101,101-29,0.615384615,1,8,0,5,0,,
2018,7000189,KTN,15,n,CWT Sample,7/23/2018 0:00,30,Southern Inside,102,102-10,0.923076923,1,12,0,5,0,,
2018,7000189,KTN,15,n,CWT Sample,7/23/2018 0:00,30,Southern Inside,101,101-21,1.846153846,2,12,0,9,0,,
2018,7000189,KTN,15,n,CWT Sample,7/23/2018 0:00,30,Southern Inside,101,101-29,0.923076923,1,12,0,5,0,,
2018,8500134,KTN,15,n,CWT Sample,7/5/2018 0:00,27,Southern Inside,102,102-50,4.923076923,4,16,48,2,0,,
2018,8500136,KTN,15,n,CWT Sample,7/5/2018 0:00,27,Southern Inside,101,101-21,2.307692308,2,15,19,23,0,,
2018,8500136,KTN,15,n,CWT Sample,7/5/2018 0:00,27,Southern Inside,101,101-45,1.153846154,1,15,10,4,0,,
2018,8500138,KTN,15,n,CWT Sample,7/5/2018 0:00,27,Southern Inside,101,101-29,1.384615385,2,9,1,6,0,,
2018,8500139,KTN,15,n,CWT Sample,7/5/2018 0:00,27,Southern Inside,102,102-10,2.461538462,2,16,50,20,0,,
2018,8500142,KTN,5,n,CWT Sample,7/5/2018 0:00,27,Southern Inside,101,101-29,2.769230769,3,12,5,7,0,,
2018,8500142,KTN,5,n,CWT Sample,7/5/2018 0:00,27,Southern Inside,102,102-50,0.923076923,1,12,0,0,0,,
2018,8500147,KTN,15,n,CWT Sample,7/7/2018 0:00,27,Southern Inside,101,101-45,0.769230769,2,5,5,7,0,,
2018,8500149,KTN,15,n,CWT Sample,7/8/2018 0:00,28,Southern Inside,101,101-21,1.846153846,2,12,9,1,0,,
2018,8500150,KTN,15,n,CWT Sample,7/8/2018 0:00,28,Southern Inside,101,101-45,3.461538462,3,15,10,13,0,,
2018,9000148,KTN,15,n,CWT Sample,7/4/2018 0:00,27,Southern Inside,101,101-29,0.846153846,1,11,6,4,0,,
2018,9000149,KTN,15,n,CWT Sample,7/4/2018 0:00,27,Southern Inside,102,102-10,4.384615385,3,19,53,24,0,,
2018,9000151,KTN,15,n,CWT Sample,7/4/2018 0:00,27,Southern Inside,102,102-10,0.961538462,1,12.5,8,3,0,,
2018,9000155,KTN,15,n,CWT Sample,7/6/2018 0:00,27,Southern Inside,101,101-29,4.615384615,4,15,61,16,0,,
2018,9000156,KTN,5,n,CWT Sample,7/4/2018 0:00,27,Southern Inside,101,101-29,1.153846154,3,5,1,3,0,,
2018,9000157,KTN,5,n,CWT Sample,7/4/2018 0:00,27,Southern Inside,101,101-29,1.846153846,3,8,20,6,0,,
2018,9000158,KTN,15,n,CWT Sample,7/4/2018 0:00,27,Southern Inside,102,102-10,2.461538462,2,16,16,32,0,,
2018,9000159,KTN,15,n,CWT Sample,7/4/2018 0:00,27,Southern Inside,101,101-29,0.307692308,0.5,8,2,0,0,,
2018,9000159,KTN,15,n,CWT Sample,7/4/2018 0:00,27,Southern Inside,101,101-45,0.423076923,0.5,11,3,0,0,,
2018,9000163,KTN,15,n,CWT Sample,7/6/2018 0:00,27,Southern Inside,101,101-45,0.025384615,1,0.33,0,1,0,,
2018,9000164,KTN,15,n,CWT Sample,7/6/2018 0:00,27,Southern Inside,101,101-21,5.769230769,5,15,59,15,0,,
2018,9000167,KTN,15,n,Permit Holder,7/6/2018 0:00,27,Southern Inside,102,102-10,0.923076923,1,12,3,0,0,,
2018,9000169,KTN,5,n,CWT Sample,7/9/2018 0:00,28,Southern Inside,102,102-10,0.923076923,1,12,4,1,0,,
2018,9000171,KTN,15,n,CWT Sample,7/10/2018 0:00,28,Southern Inside,101,101-29,1.384615385,2,9,3,0,0,,
2018,9000171,KTN,15,n,CWT Sample,7/10/2018 0:00,28,Southern Inside,101,101-11,2.153846154,2,14,27,12,0,,
2018,10000152,KTN,15,n,CWT Sample,7/6/2018 0:00,27,Southern Inside,102,102-10,1.384615385,1,18,2,0,0,,
2018,10000152,KTN,15,n,CWT Sample,7/6/2018 0:00,27,Southern Inside,101,101-11,1.384615385,1,18,25,6,0,,
2018,10000156,KTN,15,n,CWT Sample,7/10/2018 0:00,28,Southern Inside,102,102-80,3.692307692,3,16,5,6,0,,
2018,10000158,KTN,5,n,CWT Sample,7/10/2018 0:00,28,Southern Inside,101,101-45,1.269230769,3,5.5,29,4,0,,
2018,10000160,KTN,15,n,CWT Sample,7/14/2018 0:00,28,Southern Inside,102,102-10,2.461538462,2,16,23,42,0,,
2018,10000161,KTN,15,n,CWT Sample,7/14/2018 0:00,28,Southern Inside,101,101-21,3.076923077,4,10,18,6,0,,
2018,10000162,KTN,15,n,CWT Sample,7/14/2018 0:00,28,Southern Inside,101,101-21,5.769230769,5,15,43,8,0,,
2018,10000163,KTN,15,n,CWT Sample,7/14/2018 0:00,28,Southern Inside,101,101-29,5,5,13,33,11,0,,
2018,10000166,KTN,15,n,CWT Sample,7/24/2018 0:00,30,Southern Inside,102,102-10,5.384615385,5,14,0,255,0,,
2018,14000047,KTN,5,n,CWT Sample,7/4/2018 0:00,27,Southern Inside,101,101-29,0.923076923,1,12,8,1,0,,
2018,14000047,KTN,5,n,CWT Sample,7/4/2018 0:00,27,Southern Inside,102,102-10,0.923076923,1,12,3,0,0,,
2018,14000049,KTN,15,n,Permit Holder,7/4/2018 0:00,27,Southern Inside,101,101-29,3.230769231,3,14,30,0,0,,
2018,14000053,KTN,15,n,CWT Sample,7/10/2018 0:00,28,Southern Inside,102,102-50,3.692307692,3,16,36,11,0,,
2018,14000055,KTN,5,n,CWT Sample,7/10/2018 0:00,28,Southern Inside,101,101-45,0.461538462,1,6,4,0,0,,
2018,14000056,KTN,5,n,CWT Sample,7/10/2018 0:00,28,Southern Inside,101,101-23,1.384615385,2,9,6,2,0,,
2018,14000058,KTN,5,n,CWT Sample,7/13/2018 0:00,28,Southern Inside,101,101-29,0.538461538,1,7,2,6,0,,
2018,14000065,KTN,15,n,CWT Sample,7/21/2018 0:00,29,Southern Inside,101,101-21,1,1,13,0,30,0,,
2018,14000067,KTN,15,n,CWT Sample,7/24/2018 0:00,30,Southern Inside,102,102-10,1.153846154,1,15,0,22,0,,
2018,14000067,KTN,15,n,CWT Sample,7/24/2018 0:00,30,Southern Inside,101,101-21,4.615384615,4,15,0,198,0,,
2018,14500082,KTN,15,n,CWT Sample,7/14/2018 0:00,28,Southern Inside,101,101-29,3.230769231,3,14,11,17,0,,
2018,50000651,SIT,5,n,Fish Ticket,7/21/2018 0:00,29,Southern Inside,101,101-21,3,3,13,0,62,0,,
2018,50000652,SIT,15,n,Fish Ticket,7/23/2018 0:00,30,Southern Inside,101,101-21,2,2,13,0,24,0,,
2019,4,KTN,15,n,Fish Ticket,7/16/2019 0:00,29,Southern Inside,102,102-10,4,4,13,0,191,0,,
2019,5,KTN,15,n,Fish Ticket,7/9/2019 0:00,28,Southern Inside,102,102-80,1,1,13,0,7,0,,
2019,6,KTN,15,n,Fish Ticket,7/13/2019 0:00,28,Southern Inside,101,101-29,1.25,1.25,13,0,11,0,,
2019,7,KTN,15,n,Fish Ticket,7/16/2019 0:00,29,Southern Inside,102,102-10,2.25,2.25,13,0,81,0,,
2019,7,KTN,15,n,Fish Ticket,7/16/2019 0:00,29,Southern Inside,101,101-21,0.75,0.75,13,0,28,0,,
2019,8,KTN,15,n,Fish Ticket,7/17/2019 0:00,29,Southern Inside,102,102-10,5.5,5.5,13,0,188,0,,
2019,9,KTN,15,n,Fish Ticket,7/17/2019 0:00,29,Southern Inside,102,102-10,2,2,13,0,96,0,,
2019,9,KTN,15,n,Fish Ticket,7/17/2019 0:00,29,Southern Inside,101,101-21,2,2,13,0,96,0,,
2019,10,KTN,15,n,Fish Ticket,7/5/2019 0:00,27,Southern Inside,102,102-10,4,4,13,103,61,0,,
2019,11,KTN,15,n,Fish Ticket,7/17/2019 0:00,29,Southern Inside,102,102-10,2.25,2.25,13,0,72,0,,
2019,12,KTN,15,n,Fish Ticket,7/17/2019 0:00,29,Southern Inside,101,101-21,1.5,1.5,13,0,52,0,,
2019,5000339,WRN,15,n,Fish Ticket,7/5/2019 0:00,27,Southern Inside,101,101-45,2.769230769,3,12,32,3,0,,
2019,5500305,KTN,15,n,CWT Sample,7/6/2019 0:00,27,Southern Inside,102,102-60,4.153846154,3,18,10,6,0,,
2019,5500305,KTN,15,n,CWT Sample,7/6/2019 0:00,27,Southern Inside,101,101-45,2.769230769,2,18,39,6,0,,
2019,6500246,KTN,15,n,CWT Sample,7/5/2019 0:00,27,Southern Inside,101,101-29,3.461538462,3,15,25,13,0,,
2019,6500246,KTN,15,n,CWT Sample,7/5/2019 0:00,27,Southern Inside,101,101-45,0.923076923,1,12,15,2,0,,
2019,6500247,KTN,5,n,CWT Sample,7/5/2019 0:00,27,Southern Inside,101,101-29,2.307692308,3,10,3,11,0,,
2019,6500248,KTN,15,n,CWT Sample,7/5/2019 0:00,27,Southern Inside,101,101-29,4.615384615,4,15,15,14,0,,
2019,6500252,KTN,15,n,CWT Sample,7/5/2019 0:00,27,Southern Inside,101,101-45,0.769230769,2,5,2,4,0,,
2019,7000244,KTN,5,n,CWT Sample,7/5/2019 0:00,27,Southern Inside,102,102-50,4.307692308,4,14,34,18,0,,
2019,7000246,KTN,15,n,CWT Sample,7/5/2019 0:00,27,Southern Inside,102,102-10,4.307692308,3.5,16,37,46,0,,
2019,7000248,KTN,15,n,CWT Sample,7/5/2019 0:00,27,Southern Inside,102,102-30,3.846153846,5,10,33,4,0,,
2019,7000250,KTN,15,n,CWT Sample,7/6/2019 0:00,27,Southern Inside,101,101-25,1.230769231,1,16,3,3,0,,
2019,7000252,KTN,15,n,CWT Sample,7/6/2019 0:00,27,Southern Inside,101,101-45,2.153846154,2,14,38,17,0,,
2019,7000254,KTN,15,n,CWT Sample,7/6/2019 0:00,27,Southern Inside,102,102-50,4.923076923,4,16,27,6,0,,
2019,7000254,KTN,15,n,CWT Sample,7/6/2019 0:00,27,Southern Inside,101,101-21,1.230769231,1,16,2,0,0,,
2019,8500244,KTN,15,n,CWT Sample,7/6/2019 0:00,27,Southern Inside,102,102-10,3.846153846,5,10,45,47,0,,
2019,10000241,KTN,15,n,CWT Sample,7/3/2019 0:00,27,Southern Inside,101,101-45,0.769230769,1,10,12,8,0,,
2019,10000243,KTN,5,n,CWT Sample,7/3/2019 0:00,27,Southern Inside,101,101-29,1.538461538,2,10,6,9,0,,
2019,10000245,KTN,5,n,CWT Sample,7/3/2019 0:00,27,Southern Inside,101,101-45,2.307692308,2.5,12,16,6,0,,
2019,10000249,KTN,15,n,CWT Sample,7/3/2019 0:00,27,Southern Inside,101,101-45,2.461538462,2,16,32,0,0,,
2019,10000251,KTN,5,n,CWT Sample,7/1/2019 0:00,27,Southern Inside,101,101-29,1.153846154,2.5,6,6,0,0,,
2019,10000253,KTN,15,n,CWT Sample,7/3/2019 0:00,27,Southern Inside,102,102-10,2.461538462,2,16,22,15,0,,
2019,10000256,KTN,15,n,CWT Sample,7/3/2019 0:00,27,Southern Inside,101,101-45,1.384615385,1.5,12,18,5,0,,
2019,14000193,KTN,5,n,CWT Sample,7/3/2019 0:00,27,Southern Inside,101,101-29,1.230769231,2,8,2,6,0,,
2019,14000195,KTN,15,n,CWT Sample,7/3/2019 0:00,27,Southern Inside,102,102-30,2.538461538,3,11,12,2,0,,
2019,14000198,KTN,15,n,CWT Sample,7/4/2019 0:00,27,Southern Inside,101,101-29,3.692307692,3,16,16,0,0,,
2019,14000203,KTN,15,n,Fish Ticket,7/6/2019 0:00,27,Southern Inside,102,102-10,0.923076923,3,4,8,10,0,,
2019,14000218,KTN,15,n,CWT Sample,7/17/2019 0:00,29,Southern Inside,101,101-21,1.538461538,2,10,0,15,0,,
2019,14000218,KTN,15,n,CWT Sample,7/17/2019 0:00,29,Southern Inside,101,101-23,1.538461538,2,10,0,10,0,,
2019,14500145,KTN,15,n,CWT Sample,7/5/2019 0:00,27,Southern Inside,102,102-50,5.230769231,4,17,47,9,0,,
2019,14500149,KTN,15,n,CWT Sample,7/5/2019 0:00,27,Southern Inside,101,101-29,4,4,13,13,8,0,,
2019,14500151,KTN,15,n,CWT Sample,7/5/2019 0:00,27,Southern Inside,101,101-29,3.846153846,5,10,10,19,0,,
2019,14500153,KTN,15,n,CWT Sample,7/5/2019 0:00,27,Southern Inside,101,101-29,2.769230769,3,12,16,11,0,,
2019,50000951,KTN,5,n,CWT Sample,7/6/2019 0:00,27,Southern Inside,101,101-45,1.153846154,1.5,10,14,0,0,,
2019,50000989,KTN,15,n,Fish Ticket,7/28/2019 0:00,30,Southern Inside,101,101-25,4,4,13,0,36,0,,
2019,50000990,KTN,15,n,Fish Ticket,7/27/2019 0:00,30,Southern Inside,101,101-25,3,3,13,0,57,0,,
